index_id,company,numEmps,category,city,state,fundedDate,raisedAmt,raisedCurrency,round
0,LifeLock,,web,Tempe,AZ,1-May-07,6850000,USD,b
1,LifeLock,,web,Tempe,AZ,1-Oct-06,6000000,USD,a
2,LifeLock,,web,Tempe,AZ,1-Jan-08,25000000,USD,c
3,MyCityFaces,7,web,Scottsdale,AZ,1-Jan-08,50000,USD,seed
4,Flypaper,,web,Phoenix,AZ,1-Feb-08,3000000,USD,a
5,Infusionsoft,105,software,Gilbert,AZ,1-Oct-07,9000000,USD,a
6,gAuto,4,web,Scottsdale,AZ,1-Jan-08,250000,USD,seed
7,ChosenList.com,5,web,Scottsdale,AZ,1-Oct-06,140000,USD,seed
8,ChosenList.com,5,web,Scottsdale,AZ,25-Jan-08,233750,USD,angel
9,Digg,60,web,San Francisco,CA,1-Dec-06,8500000,USD,b
10,Digg,60,web,San Francisco,CA,1-Oct-05,2800000,USD,a
11,Facebook,450,web,Palo Alto,CA,1-Sep-04,500000,USD,angel
12,Facebook,450,web,Palo Alto,CA,1-May-05,12700000,USD,a
13,Facebook,450,web,Palo Alto,CA,1-Apr-06,27500000,USD,b
14,Facebook,450,web,Palo Alto,CA,1-Oct-07,300000000,USD,c
15,Facebook,450,web,Palo Alto,CA,1-Mar-08,40000000,USD,c
16,Facebook,450,web,Palo Alto,CA,15-Jan-08,15000000,USD,c
17,Facebook,450,web,Palo Alto,CA,1-May-08,100000000,USD,debt_round
18,Photobucket,60,web,Palo Alto,CA,1-May-06,10500000,USD,b
19,Photobucket,60,web,Palo Alto,CA,1-Mar-05,3000000,USD,a
20,Omnidrive,,web,Palo Alto,CA,1-Dec-06,800000,USD,angel
21,Geni,18,web,West Hollywood,CA,1-Jan-07,1500000,USD,a
22,Geni,18,web,West Hollywood,CA,1-Mar-07,10000000,USD,b
23,Twitter,17,web,San Francisco,CA,1-Jul-07,5400000,USD,b
24,Twitter,17,web,San Francisco,CA,1-May-08,15000000,USD,c
25,StumbleUpon,,web,San Francisco,CA,1-Dec-05,1500000,USD,seed
26,Gizmoz,,web,Menlo Park,CA,1-May-07,6300000,USD,a
27,Gizmoz,,web,Menlo Park,CA,16-Mar-08,6500000,USD,b
28,Scribd,14,web,San Francisco,CA,1-Jun-06,12000,USD,seed
29,Scribd,14,web,San Francisco,CA,1-Jan-07,40000,USD,angel
30,Scribd,14,web,San Francisco,CA,1-Jun-07,3710000,USD,a
31,Slacker,,web,San Diego,CA,1-Jun-07,40000000,USD,b
32,Slacker,,web,San Diego,CA,1-Jun-07,13500000,USD,a
33,Lala,,web,Palo Alto,CA,1-May-07,9000000,USD,a
34,Plaxo,50,web,Mountain View,CA,1-Nov-02,3800000,USD,a
35,Plaxo,50,web,Mountain View,CA,1-Jul-03,8500000,USD,b
36,Plaxo,50,web,Mountain View,CA,1-Apr-04,7000000,USD,c
37,Plaxo,50,web,Mountain View,CA,1-Feb-07,9000000,USD,d
38,Powerset,60,web,San Francisco,CA,1-Jun-07,12500000,USD,a
39,Technorati,25,web,San Francisco,CA,1-Jun-06,10520000,USD,c
40,Technorati,25,web,San Francisco,CA,1-Sep-04,6500000,USD,b
41,Technorati,25,web,San Francisco,CA,13-Jun-08,7500000,USD,d
42,Technorati,25,web,San Francisco,CA,10-May-07,1000000,USD,c
43,Mahalo,40,web,Santa Monica,CA,1-Jan-06,5000000,USD,a
44,Mahalo,40,web,Santa Monica,CA,1-Jan-07,16000000,USD,b
45,Kyte,40,web,San Francisco,CA,1-Jul-07,2250000,USD,a
46,Kyte,40,web,San Francisco,CA,1-Dec-07,15000000,USD,b
47,Kyte,40,web,San Francisco,CA,10-Mar-08,6100000,USD,b
48,Veoh,,web,San Diego,CA,1-Apr-06,12500000,USD,b
49,Veoh,,web,San Diego,CA,1-Aug-07,25000000,USD,c
50,Veoh,,web,San Diego,CA,1-Jul-05,2250000,USD,a
51,Veoh,,web,San Diego,CA,3-Jun-08,30000000,USD,d
52,Jingle Networks,,web,Menlo Park,CA,1-Oct-06,30000000,USD,c
53,Jingle Networks,,web,Menlo Park,CA,1-Dec-05,5000000,USD,a
54,Jingle Networks,,web,Menlo Park,CA,1-Apr-06,26000000,USD,b
55,Jingle Networks,,web,Menlo Park,CA,1-Oct-05,400000,USD,angel
56,Jingle Networks,,web,Menlo Park,CA,1-Jan-08,13000000,USD,c
57,Ning,41,web,Palo Alto,CA,1-Jul-07,44000000,USD,c
58,Ning,41,web,Palo Alto,CA,1-Apr-08,60000000,USD,d
59,JotSpot,,web,Palo Alto,CA,1-Aug-04,5200000,USD,a
60,Mercora,,web,Sunnyvale,CA,1-Jan-05,5000000,USD,a
61,Wesabe,,web,San Francisco,CA,1-Feb-07,700000,USD,seed
62,Wesabe,,web,San Francisco,CA,1-Jun-07,4000000,USD,a
63,Jangl,22,web,Pleasanton,CA,1-Jul-06,7000000,USD,b
64,Hyphen 8,4,web,San Francisco,CA,1-Oct-07,100000,USD,angel
65,Prosper,,web,San Francisco,CA,1-Jun-07,20000000,USD,c
66,Prosper,,web,San Francisco,CA,1-Apr-05,7500000,USD,a
67,Prosper,,web,San Francisco,CA,1-Feb-06,12500000,USD,b
68,Google,20000,web,Mountain View,CA,1-Jun-99,25000000,USD,a
69,Jajah,80,web,Mountain View,CA,1-May-07,20000000,USD,c
70,Jajah,80,web,Mountain View,CA,1-Mar-06,3000000,USD,a
71,Jajah,80,web,Mountain View,CA,1-Apr-06,5000000,USD,b
72,YouTube,,web,San Bruno,CA,1-Nov-05,3500000,USD,a
73,YouTube,,web,San Bruno,CA,1-Apr-06,8000000,USD,b
74,Ustream,,web,Mountain View,CA,1-Dec-07,2000000,USD,angel
75,Ustream,,web,Mountain View,CA,10-Apr-08,11100000,USD,a
76,GizmoProject,,web,San Diego,CA,1-Feb-06,6000000,USD,a
77,Adap.tv,15,web,San Mateo,CA,1-Jul-07,10000000,USD,a
78,Topix,,web,Palo Alto,CA,1-Nov-06,15000000,USD,b
79,Revision3,,web,San Francisco,CA,1-Sep-06,1000000,USD,a
80,Revision3,,web,San Francisco,CA,1-Jun-07,8000000,USD,b
81,Aggregate Knowledge,,web,San Mateo,CA,1-Jun-06,5000000,USD,a
82,Aggregate Knowledge,,web,San Mateo,CA,1-Apr-07,20000000,USD,b
83,Sugar Inc,,web,San Francisco,CA,1-Oct-06,5000000,USD,a
84,Sugar Inc,,web,San Francisco,CA,1-Jun-07,10000000,USD,b
85,Zing,,web,Mountain View,CA,1-Jan-07,13000000,USD,a
86,CriticalMetrics,4,web,,CA,1-Jan-07,100000,USD,angel
87,Spock,30,web,Redwood City,CA,1-Dec-06,7000000,USD,a
88,Wize,,web,,CA,1-Jan-07,4000000,USD,a
89,SodaHead,,web,,CA,1-Jan-07,4250000,USD,a
90,SodaHead,,web,,CA,25-Jun-08,8400000,USD,b
91,CastTV,0,web,San Francisco,CA,1-Apr-07,3100000,USD,a
92,BuzzNet,,web,Hollywood,CA,1-May-07,6000000,USD,a
93,BuzzNet,,web,Hollywood,CA,7-Apr-08,25000000,USD,b
94,Funny Or Die,,web,Palo Alto,CA,1-Dec-07,15000000,USD,b
95,Sphere,11,web,San Francisco,CA,1-May-06,3000000,USD,b
96,Sphere,11,web,San Francisco,CA,1-Apr-05,500000,USD,a
97,MeeVee,,web,Burlingame,CA,1-Feb-06,6500000,USD,b
98,MeeVee,,web,Burlingame,CA,1-Aug-06,8000000,USD,c
99,MeeVee,,web,Burlingame,CA,1-Feb-05,7000000,USD,a
100,MeeVee,,web,Burlingame,CA,1-Sep-07,3500000,USD,d
101,Mashery,0,web,San Francisco,CA,26-Jun-08,2000000,USD,c
102,Yelp,,web,San Francisco,CA,1-Oct-06,10000000,USD,c
103,Yelp,,web,San Francisco,CA,1-Oct-05,5000000,USD,b
104,Yelp,,web,San Francisco,CA,1-Jul-04,1000000,USD,a
105,Yelp,,web,San Francisco,CA,26-Feb-08,15000000,USD,d
106,Spotplex,3,web,Santa Clara,CA,1-Jan-07,450000,USD,angel
107,Coghead,21,web,Redwood City,CA,1-Mar-06,3200000,USD,a
108,Coghead,21,web,Redwood City,CA,1-Mar-07,8000000,USD,b
109,Zooomr,,web,San Francisco,CA,1-Feb-06,50000,USD,angel
110,SideStep,75,web,Santa Clara,CA,1-Feb-07,15000000,USD,c
111,SideStep,75,web,Santa Clara,CA,1-Jan-04,8000000,USD,b
112,SideStep,75,web,Santa Clara,CA,1-Dec-99,2200000,USD,a
113,SideStep,75,web,Santa Clara,CA,1-Oct-00,6800000,USD,a
114,RockYou,,web,San Mateo,CA,1-Jan-07,1500000,USD,a
115,RockYou,,web,San Mateo,CA,1-Mar-07,15000000,USD,b
116,RockYou,,web,San Mateo,CA,9-Jun-08,35000000,USD,c
117,RockYou,,web,San Mateo,CA,27-May-08,1000000,USD,unattributed
118,Pageflakes,20,web,San Francisco,CA,1-May-06,1300000,USD,a
119,Swivel,,web,San Francisco,CA,1-Sep-06,1000000,USD,a
120,Swivel,,web,San Francisco,CA,1-Apr-07,1000000,USD,a
121,Slide,64,web,San Francisco,CA,1-Jul-05,8000000,USD,b
122,Slide,64,web,San Francisco,CA,1-Jan-08,50000000,USD,d
123,Bebo,,web,San Francisco,CA,1-May-06,15000000,USD,a
124,freebase,,web,San Francisco,CA,1-Mar-06,15000000,USD,a
125,freebase,,web,San Francisco,CA,1-Jan-08,42500000,USD,b
126,Metaweb Technologies,,web,San Francisco,CA,15-Jan-08,42000000,USD,b
127,Glam Media,,web,Brisbane,CA,1-Jul-04,1100000,USD,a
128,Glam Media,,web,Brisbane,CA,1-Jul-05,10000000,USD,b
129,Glam Media,,web,Brisbane,CA,1-Dec-06,18500000,USD,c
130,Glam Media,,web,Brisbane,CA,1-Feb-08,65000000,USD,d
132,TheFind,,web,Mountain View,CA,1-Feb-05,7000000,USD,a
133,TheFind,,web,Mountain View,CA,1-Oct-06,4000000,USD,b
134,TheFind,,web,Mountain View,CA,1-Jul-07,15000000,USD,c
135,Zazzle,,web,Redwood City,CA,1-Jul-05,16000000,USD,a
136,Zazzle,,web,Redwood City,CA,1-Oct-07,30000000,USD,b
137,Dogster,,web,San Francisco,CA,1-Sep-06,1000000,USD,angel
138,Pandora,80,web,Oakland,CA,1-Jan-04,7800000,USD,b
139,Pandora,80,web,Oakland,CA,1-Oct-05,12000000,USD,c
140,Pandora,80,web,Oakland,CA,2-Mar-00,1500000,USD,a
141,Cafepress,300,web,Foster City,CA,1-Mar-00,1200000,USD,a
142,Cafepress,300,web,Foster City,CA,1-May-01,300000,USD,a
143,Cafepress,300,web,Foster City,CA,1-Feb-05,14000000,USD,b
144,pbwiki,15,web,,CA,11-Sep-06,350000,USD,a
145,pbwiki,15,web,,CA,1-Feb-07,2100000,USD,b
146,AdBrite,,web,San Francisco,CA,1-Sep-04,4000000,USD,a
147,AdBrite,,web,San Francisco,CA,1-Feb-06,8000000,USD,b
148,AdBrite,,web,San Francisco,CA,1-Nov-07,23000000,USD,c
149,Loomia,,web,San Francisco,CA,1-Jun-05,1000000,USD,seed
150,Loomia,,web,San Francisco,CA,1-Apr-08,5000000,USD,a
151,Meebo,40,web,Mountain View,CA,1-Dec-05,3500000,USD,a
152,Meebo,40,web,Mountain View,CA,1-Jan-07,9000000,USD,b
153,Meebo,40,web,Mountain View,CA,30-Apr-08,25000000,USD,c
154,Eventbrite,13,web,San Francisco,CA,1-Nov-06,100000,USD,angel
155,LinkedIn,,web,Mountain View,CA,1-Nov-03,4700000,USD,a
156,LinkedIn,,web,Mountain View,CA,1-Oct-04,10000000,USD,b
157,LinkedIn,,web,Mountain View,CA,1-Jan-07,12800000,USD,c
158,LinkedIn,,web,Mountain View,CA,17-Jun-08,53000000,USD,d
159,FlickIM,,web,Berkeley,CA,1-Mar-07,1600000,USD,a
160,Terabitz,12,web,Palo Alto,CA,1-Feb-07,10000000,USD,a
161,Healthline,,web,San Francisco,CA,1-Jan-06,14000000,USD,a
162,Healthline,,web,San Francisco,CA,1-Jul-07,21000000,USD,b
163,Box.net,19,web,Palo Alto,CA,1-Oct-06,1500000,USD,a
164,Box.net,19,web,Palo Alto,CA,23-Jan-08,6000000,USD,b
165,Conduit,,web,Redwood Shores,CA,1-Jul-06,1800000,USD,a
166,Conduit,,web,Redwood Shores,CA,1-Jan-08,8000000,USD,b
167,Edgeio,,web,Palo Alto,CA,1-Jul-07,5000000,USD,a
168,Spot Runner,,web,Los Angeles,CA,1-Jan-06,10000000,USD,a
169,Spot Runner,,web,Los Angeles,CA,1-Oct-06,40000000,USD,b
170,Spot Runner,,web,Los Angeles,CA,7-May-08,51000000,USD,c
171,Kaboodle,,web,Santa Clara,CA,1-Mar-05,1500000,USD,a
172,Kaboodle,,web,Santa Clara,CA,1-Mar-06,2000000,USD,b
173,Kaboodle,,web,Santa Clara,CA,1-Mar-07,1500000,USD,c
174,Giga Omni Media,18,web,San Francisco,CA,1-Jun-06,325000,USD,a
175,Visible Path,,web,Foster City,CA,1-Mar-06,17000000,USD,b
176,Visible Path,,web,Foster City,CA,1-Mar-06,7700000,USD,a
177,Wink,,web,Mountain View,CA,1-Jan-05,6200000,USD,a
178,seesmic,,web,San Francisco,CA,1-Nov-07,6000000,USD,a
179,seesmic,,web,San Francisco,CA,20-Jun-08,6000000,USD,b
180,Zvents,,web,San Mateo,CA,7-Nov-06,7000000,USD,a
181,Zvents,,web,San Mateo,CA,5-Oct-05,200000,USD,seed
182,Eventful,35,web,San Diego,CA,1-Sep-06,7500000,USD,b
183,Eventful,35,web,San Diego,CA,1-Mar-05,2100000,USD,a
184,Oodle,,web,San Mateo,CA,1-May-06,5000000,USD,a
185,Oodle,,web,San Mateo,CA,1-Jul-07,11000000,USD,b
186,oDesk,,web,Menlo Park,CA,1-Apr-06,6000000,USD,a
187,oDesk,,web,Menlo Park,CA,1-Sep-06,8000000,USD,b
188,oDesk,,web,Menlo Park,CA,1-Jun-08,15000000,USD,c
189,SimplyHired,,web,Mountain View,CA,1-Mar-06,13500000,USD,b
190,SimplyHired,,web,Mountain View,CA,5-Aug-05,3000000,USD,a
191,ooma,47,web,Palo Alto,CA,1-Jan-05,8000000,USD,a
192,ooma,47,web,Palo Alto,CA,1-Dec-06,18000000,USD,b
193,GoingOn,3,web,Woodside,CA,1-Aug-05,1000000,USD,seed
194,Flixster,17,web,San Francisco,CA,1-Feb-07,2000000,USD,a
195,Flixster,17,web,San Francisco,CA,4-Apr-08,5000000,USD,b
196,Piczo,,web,San Francisco,CA,1-Jan-07,11000000,USD,c
197,Socialtext,,web,Palo Alto,CA,1-Jun-04,300000,USD,angel
198,Socialtext,,web,Palo Alto,CA,1-Jun-05,3100000,USD,b
199,Socialtext,,web,Palo Alto,CA,1-Nov-07,9500000,USD,c
200,PowerReview,,web,Millbrae,CA,1-Dec-05,6250000,USD,a
201,PowerReview,,web,Millbrae,CA,1-Sep-07,15000000,USD,b
202,hi5,100,web,San Francisco,CA,1-Jul-07,20000000,USD,a
203,hi5,100,web,San Francisco,CA,1-Dec-07,15000000,USD,debt_round
204,Tagged,,web,San Francisco,CA,1-Sep-05,1500000,USD,angel
205,Tagged,,web,San Francisco,CA,1-Dec-05,7000000,USD,a
206,Tagged,,web,San Francisco,CA,1-Jul-07,15000000,USD,b
207,Jaxtr,,web,Menlo Park,CA,1-Jul-07,1500000,USD,angel
208,Jaxtr,,web,Menlo Park,CA,1-Aug-07,10000000,USD,a
209,Jaxtr,,web,Menlo Park,CA,23-Jun-08,10000000,USD,b
210,Me,,web,San Jose,CA,1-May-07,1500000,USD,seed
211,introNetworks,9,web,Santa Barbara,CA,1-May-07,2700000,USD,a
212,Leverage Software,21,web,San Francisco,CA,14-May-05,6000000,USD,a
213,Lithium Technologies,42,web,Emeryville,CA,17-Apr-07,9000000,USD,a
214,Lithium Technologies,42,web,Emeryville,CA,1-Jun-08,12000000,USD,b
215,Genius,,web,San Mateo,CA,1-Mar-06,5100000,USD,a
216,Genius,,web,San Mateo,CA,1-Jan-07,10000000,USD,b
217,Genius,,web,San Mateo,CA,5-Feb-08,19000000,USD,c
218,Respectance,,web,San Francisco,CA,1-Jun-07,250000,USD,seed
219,Respectance,,web,San Francisco,CA,1-Jul-07,1500000,USD,a
220,Curse,,web,San Francisco,CA,1-Jul-07,5000000,USD,a
221,LicketyShip,,web,San Francisco,CA,1-Dec-07,1500000,USD,angel
222,Grockit,8,web,San Francisco,CA,1-Jun-07,2300000,USD,a
223,Grockit,8,web,San Francisco,CA,30-May-08,8000000,USD,b
224,PeerMe,,web,Mountain View,CA,1-Jan-05,5000000,USD,a
225,Kiptronic,20,web,San Francisco,CA,1-Dec-06,4000000,USD,a
226,Kiptronic,20,web,San Francisco,CA,1-Nov-05,300000,USD,angel
227,Kiptronic,20,web,San Francisco,CA,5-Jun-08,3000000,USD,b
228,Vuze,,web,Palo Alto,CA,1-Dec-06,12000000,USD,b
229,Vuze,,web,Palo Alto,CA,1-Dec-07,20000000,USD,c
230,Phonezoo,,web,Sunnyvale,CA,1-Jun-06,560000,USD,a
231,Phonezoo,,web,Sunnyvale,CA,1-Feb-07,1500000,USD,a
232,Droplet Technology,,web,Menlo Park,CA,1-Oct-06,3500000,USD,a
233,PodTech,,web,Palo Alto,CA,1-Mar-06,5500000,USD,a
234,PodTech,,web,Palo Alto,CA,1-Jun-07,2000000,USD,a
235,Crackle,,web,Mill Valley,CA,1-Dec-05,1750000,USD,a
236,Reddit,,web,San Francisco,CA,1-Jun-05,100000,USD,seed
237,Wikia,,web,San Mateo,CA,1-Mar-06,4000000,USD,a
238,Wikia,,web,San Mateo,CA,1-Dec-06,10000000,USD,b
239,Retrevo,,web,Sunnyvale,CA,1-Dec-06,3200000,USD,a
240,Retrevo,,web,Sunnyvale,CA,1-Feb-06,700000,USD,seed
241,Retrevo,,web,Sunnyvale,CA,20-Mar-08,8000000,USD,b
242,Buxfer,2,web,Mountain View,CA,1-Jan-07,15000,USD,seed
243,Buxfer,2,web,Mountain View,CA,1-Apr-07,300000,USD,angel
244,YouSendIt,0,web,Campbell,CA,24-Apr-07,10000000,USD,b
245,YouSendIt,0,web,Campbell,CA,1-Aug-05,10000000,USD,a
246,YouSendIt,0,web,Campbell,CA,15-Jul-08,14000000,USD,c
247,Tangler,,web,Mountain View,CA,1-Jul-06,1500000,USD,angel
248,obopay,,web,Redwood City,CA,1-Feb-06,10000000,USD,a
249,obopay,,web,Redwood City,CA,1-Sep-06,7000000,USD,b
250,obopay,,web,Redwood City,CA,1-Jul-07,29000000,USD,c
251,obopay,,web,Redwood City,CA,21-Apr-08,20000000,USD,d
252,PayPal,,web,San Jose,CA,1-Apr-00,100000000,USD,c
253,PayPal,,web,San Jose,CA,1-Feb-01,90000000,USD,d
254,PayPal,,web,San Jose,CA,1-Jul-99,4000000,USD,b
255,TalkPlus,,web,San Mateo,CA,1-Oct-06,5500000,USD,a
256,Vudu,50,hardware,Santa Clara,CA,1-Jun-05,21000000,USD,a
257,Insider Pages,,web,Redwood City,CA,1-Mar-06,8500000,USD,a
258,Snapfish,,web,San Francisco,CA,1-Nov-99,7500000,USD,a
259,Snapfish,,web,San Francisco,CA,1-May-00,36000000,USD,b
260,Affinity Circles,22,web,Mountain View,CA,1-May-06,4100000,USD,c
261,Affinity Circles,22,web,Mountain View,CA,1-Jun-05,1000000,USD,b
262,Affinity Circles,22,web,Mountain View,CA,1-Dec-04,440000,USD,a
263,IMVU,,web,Palo Alto,CA,1-Feb-06,1000000,USD,angel
264,Nirvanix,,web,San Diego,CA,19-Dec-07,18000000,USD,a
265,Habit Industries,4,web,Palo Alto,CA,1-Jun-07,15000,USD,seed
266,Gaia,,web,San Jose,CA,1-Jun-06,8930000,USD,a
267,Gaia,,web,San Jose,CA,1-Mar-07,12000000,USD,b
268,Gaia,,web,San Jose,CA,14-Jul-08,11000000,USD,c
269,GreatCall,,web,Del Mar,CA,1-Aug-07,36600000,USD,a
270,Revver,,web,Los Angeles,CA,1-Nov-05,4000000,USD,a
271,Revver,,web,Los Angeles,CA,1-Apr-06,8700000,USD,b
272,Metacafe,,web,Palo Alto,CA,1-Jul-06,15000000,USD,b
273,Metacafe,,web,Palo Alto,CA,1-Aug-07,30000000,USD,c
274,Flock,40,web,Redwood City,CA,1-Nov-05,3300000,USD,b
275,Flock,40,web,Redwood City,CA,1-Jun-06,10000000,USD,c
276,Flock,40,web,Redwood City,CA,21-May-08,15000000,USD,d
277,VMIX Media,42,web,San Diego,CA,1-Mar-06,5000000,USD,a
278,VMIX Media,42,web,San Diego,CA,1-Oct-07,16500000,USD,b
279,Kontera,,web,San Francisco,CA,1-Aug-07,10300000,USD,b
280,Kontera,,web,San Francisco,CA,1-Jul-06,7000000,USD,a
281,Tokbox,,web,San Francisco,CA,1-Oct-07,4000000,USD,a
282,Tokbox,,web,San Francisco,CA,6-Aug-08,10000000,USD,b
283,Six Apart,150,web,San Francisco,CA,1-Oct-04,10000000,USD,b
284,Six Apart,150,web,San Francisco,CA,1-Mar-06,12000000,USD,c
285,Six Apart,150,web,San Francisco,CA,23-Apr-03,600000,USD,a
286,Weebly,,web,San Francisco,CA,1-May-07,650000,USD,seed
287,Synthasite,26,web,San Francisco,CA,1-Nov-07,5000000,USD,a
288,BitTorrent,29,web,San Francisco,CA,1-Sep-05,8750000,USD,a
289,BitTorrent,29,web,San Francisco,CA,1-Dec-06,25000000,USD,b
290,Kongregate,16,web,San Francisco,CA,1-Mar-07,1000000,USD,a
291,Kongregate,16,web,San Francisco,CA,1-Aug-07,5000000,USD,b
292,Kongregate,16,web,San Francisco,CA,1-Apr-08,3000000,USD,b
293,DanceJam,0,web,San Francisco,CA,1-May-07,1000000,USD,angel
294,DanceJam,0,web,San Francisco,CA,1-Feb-08,3500000,USD,a
295,Fathom Online,,web,San Francisco,CA,1-Jul-04,6000000,USD,a
296,Zivity,16,web,San Francisco,CA,1-Aug-07,1000000,USD,seed
297,Zivity,16,web,San Francisco,CA,1-Mar-08,7000000,USD,b
298,BlueLithium,135,web,San Jose,CA,1-Feb-05,11500000,USD,a
299,eXpresso,,web,Menlo Park,CA,1-Oct-07,2000000,USD,a
300,Doostang,,web,Palo Alto,CA,1-Sep-07,3500000,USD,a
301,Docstoc,,web,Beverly Hills,CA,1-Nov-07,750000,USD,a
302,Docstoc,,web,Beverly Hills,CA,28-Apr-08,3250000,USD,b
303,Mevio,,web,San Francisco,CA,1-Jul-05,8900000,USD,a
304,Mevio,,web,San Francisco,CA,1-Sep-06,15000000,USD,b
305,Mevio,,web,San Francisco,CA,9-Jul-08,15000000,USD,c
306,PureVideo Networks,,web,Los Angeles,CA,1-Dec-05,5600000,USD,a
307,PureVideo Networks,,web,Los Angeles,CA,1-Sep-07,2850000,USD,b
308,FilmLoop,,web,Menlo Park,CA,1-Feb-05,5600000,USD,a
309,BitPass,,web,Mountain View,CA,1-Jul-03,1500000,USD,a
310,BitPass,,web,Mountain View,CA,1-Sep-04,11800000,USD,b
311,Art.com,500,web,Emeryville,CA,1-Feb-05,30000000,USD,a
312,Atom Shockwave,,web,San Francisco,CA,1-Mar-01,22900000,USD,a
313,CinemaNow,,web,Marina Del Rey,CA,1-Jul-04,11000000,USD,a
314,Digital Chocolate,,web,San Mateo,CA,1-Dec-03,8400000,USD,a
315,Digital Chocolate,,web,San Mateo,CA,1-Dec-03,13000000,USD,b
316,eHarmony,,web,Pasadena,CA,1-Jun-00,3000000,USD,a
317,eHarmony,,web,Pasadena,CA,1-Nov-04,110000000,USD,b
318,Friendster,465,web,San Francisco,CA,1-Dec-02,2400000,USD,a
319,Friendster,465,web,San Francisco,CA,1-Oct-03,13000000,USD,b
320,Friendster,465,web,San Francisco,CA,1-Aug-06,10000000,USD,c
321,Friendster,465,web,San Francisco,CA,5-Aug-08,20000000,USD,d
322,Greystripe,,web,San Francisco,CA,1-May-07,8900000,USD,b
323,Sling Media,,web,Foster City,CA,1-Nov-04,10500000,USD,a
324,Sling Media,,web,Foster City,CA,1-Jul-05,4000000,USD,a
325,Trulia,,web,San Francisco,CA,1-Dec-05,5700000,USD,b
326,Trulia,,web,San Francisco,CA,1-May-07,10000000,USD,c
327,Trulia,,web,San Francisco,CA,1-Sep-05,2100000,USD,a
328,Trulia,,web,San Francisco,CA,10-Jul-08,15000000,USD,d
329,Lending Club,,web,Sunnyvale,CA,1-May-07,2000000,USD,angel
330,Lending Club,,web,Sunnyvale,CA,1-Aug-07,10260000,USD,a
331,tubemogul,15,web,Emeryville,CA,7-Feb-08,1500000,USD,a
332,Gemini,,web,San Mateo,CA,1-Mar-07,20000000,USD,a
333,Gemini,,web,San Mateo,CA,1-May-07,5000000,USD,b
334,Multiverse,,web,Mountain View,CA,1-May-07,4175000,USD,a
335,Multiverse,,web,Mountain View,CA,17-Apr-07,850000,USD,angel
336,LimeLife,,mobile,Menlo Park,CA,28-Mar-06,10000000,USD,b
337,LimeLife,,mobile,Menlo Park,CA,1-Aug-05,5000000,USD,a
338,LimeLife,,mobile,Menlo Park,CA,24-May-07,3900000,USD,b
339,OpenTable,,web,San Francisco,CA,1-May-99,2000000,USD,a
340,OpenTable,,web,San Francisco,CA,1-Jan-00,10000000,USD,b
341,OpenTable,,web,San Francisco,CA,1-Oct-00,36000000,USD,c
342,RooftopComedy,20,web,San Francisco,CA,1-May-07,2500000,USD,a
343,Federated Media,,web,Sausalito,CA,1-Aug-07,4500000,USD,b
344,Federated Media,,web,Sausalito,CA,1-Apr-08,50000000,USD,c
345,Delivery Agent,,web,San Francisco,CA,1-May-07,18500000,USD,c
346,Delivery Agent,,web,San Francisco,CA,17-May-06,11000000,USD,b
347,Delivery Agent,,web,San Francisco,CA,29-Mar-05,5500000,USD,a
348,Reunion,100,web,Los Angeles,CA,1-Apr-07,25000000,USD,a
349,Mixercast,,web,San Mateo,CA,1-May-05,2600000,USD,a
350,Mixercast,,web,San Mateo,CA,1-Jan-08,6000000,USD,b
351,mTraks,,web,San Diego,CA,1-May-07,550000,USD,angel
352,Xora,,web,Mountain View,CA,1-May-01,7000000,USD,a
353,Xora,,web,Mountain View,CA,1-Feb-03,4000000,USD,b
354,Xora,,web,Mountain View,CA,1-Jun-07,4000000,USD,debt_round
355,Ooyala,,web,Mountain View,CA,1-Jan-08,8500000,USD,b
356,SayNow,14,web,Palo Alto,CA,1-Sep-07,7500000,USD,a
357,Crunchyroll,,web,San Francsico,CA,1-Feb-08,4050000,USD,a
358,CircleUp,19,web,Newport Beach,CA,1-Jun-07,3000000,USD,a
359,PixSense,,web,Santa Clara,CA,1-Dec-06,5400000,USD,a
360,PixSense,,web,Santa Clara,CA,1-Jun-07,2000000,USD,b
361,Danal,,web,San Jose,CA,1-Jun-07,9500000,USD,a
362,hulu,,web,Los Angeles,CA,1-Aug-07,100000000,USD,a
363,OurStory,,web,Mountain View,CA,1-Jan-06,6300000,USD,a
364,Specificmedia,,web,Ir vine,CA,1-Jun-06,10000000,USD,a
365,Specificmedia,,web,Ir vine,CA,1-Nov-07,100000000,USD,b
366,AdMob,,web,San Mateo,CA,1-Mar-07,15000000,USD,b
367,MySQL,,web,Cupertino,CA,1-Feb-06,18500000,USD,c
368,MySQL,,web,Cupertino,CA,1-Jun-03,19500000,USD,b
369,Attributor,0,web,Redwood City,CA,28-Jan-06,2000000,USD,a
370,Attributor,0,web,Redwood City,CA,2-Apr-08,12000000,USD,c
371,Attributor,0,web,Redwood City,CA,18-Dec-06,8000000,USD,b
372,Social Media,15,web,Palo Alto,CA,1-Sep-07,500000,USD,a
373,Social Media,15,web,Palo Alto,CA,1-Oct-07,3500000,USD,b
374,Demand Media,,web,Santa Monica,CA,1-May-06,120000000,USD,a
375,Demand Media,,web,Santa Monica,CA,1-Sep-06,100000000,USD,b
376,Demand Media,,web,Santa Monica,CA,1-Sep-07,100000000,USD,c
377,Demand Media,,web,Santa Monica,CA,24-Mar-08,35000000,USD,d
378,TripIt,8,web,San Francisco,CA,1-Apr-07,1000000,USD,seed
379,PubMatic,35,web,Palo Alto,CA,1-Jan-08,7000000,USD,a
380,Mint,22,web,Mountain View,CA,1-Oct-07,4700000,USD,a
381,Mint,22,web,Mountain View,CA,1-Oct-06,325000,USD,seed
382,Mint,22,web,Mountain View,CA,5-Mar-08,12000000,USD,b
383,app2you,4,web,La Jolla,CA,20-Nov-07,255000,USD,angel
384,app2you,4,web,La Jolla,CA,1-Oct-06,177000,USD,angel
385,YourStreet,6,web,San Francisco,CA,1-Oct-06,250000,USD,angel
386,Tagworld,,web,Santa Monica,CA,1-Mar-06,7500000,USD,a
387,Tagworld,,web,Santa Monica,CA,1-Dec-06,40000000,USD,b
388,RotoHog,,web,Inglewood,CA,1-Aug-07,6000000,USD,a
389,ThisNext,0,web,Santa Monica,CA,1-Jan-08,5000000,USD,b
390,ThisNext,0,web,Santa Monica,CA,1-Jan-06,2500000,USD,a
391,ChessPark,,web,West Palm Beach,CA,1-Jul-07,1000000,USD,angel
392,Break,,web,Beverly Hills,CA,1-Jul-07,21400000,USD,a
393,MuseStorm,,web,Sunnyvale,CA,1-Jul-07,1000000,USD,a
394,Media Machines,,web,San Francisco,CA,1-Aug-07,9400000,USD,a
395,Ciihui,,web,Burlingame,CA,1-May-07,10000000,USD,a
396,Ciihui,,web,Burlingame,CA,1-Jan-08,13500000,USD,b
397,Aliph,,web,San Francisco,CA,1-Jul-07,5000000,USD,a
398,mEgo,15,web,Los Angeles,CA,1-May-06,1100000,USD,angel
399,mEgo,15,web,Los Angeles,CA,1-Jul-07,2000000,USD,angel
400,Realius,3,web,Berkeley,CA,1-May-07,500000,USD,angel
401,Xobni,0,software,San Francisco,CA,1-Jun-06,12000,USD,seed
402,Xobni,0,software,San Francisco,CA,1-Nov-06,80000,USD,angel
403,Xobni,0,software,San Francisco,CA,1-Mar-07,4260000,USD,a
404,Spoke,0,web,San Mateo,CA,18-Nov-03,11700000,USD,c
405,Spoke,0,web,San Mateo,CA,24-Apr-03,9200000,USD,b
406,FixYa,30,web,San Mateo,CA,1-Jan-07,2000000,USD,a
407,FixYa,30,web,San Mateo,CA,18-Mar-08,6000000,USD,b
408,Mozilla,150,web,Mountain View,CA,15-Jul-03,2000000,USD,unattributed
409,BrightQube,0,web,Carlsbad,CA,1-May-07,200000,USD,angel
410,BuzzDash,0,web,Marina del Rey,CA,1-Sep-06,1200000,USD,angel
411,Urban Mapping,9,web,San Francisco,CA,1-May-06,400000,USD,seed
412,Consorte Media,0,web,San Francisco,CA,1-Dec-07,7000000,USD,b
413,ffwd,,web,San Francisco,CA,1-Aug-07,1700000,USD,a
414,Get Satisfaction,,web,San Francisco,CA,1-Sep-07,1300000,USD,a
415,RingCentral,,web,Redwood City,CA,1-Sep-07,12000000,USD,a
416,RingCentral,,web,Redwood City,CA,1-Feb-08,12000000,USD,b
417,3Jam,,web,Menlo Park,CA,1-Jul-07,4000000,USD,a
418,PlaySpan,,web,Santa Clara,CA,1-Sep-07,6500000,USD,a
419,Grouply,6,web,Redwood City,CA,1-Jun-07,935000,USD,angel
420,Grouply,6,web,Redwood City,CA,1-Jan-08,365000,USD,angel
421,Grouply,6,web,Redwood City,CA,14-Jan-08,1300000,USD,a
422,Graspr,,web,Sunnyvale,CA,10-Jul-08,2500000,USD,a
423,Zannel,,web,San Francisco,CA,2-Jun-08,10000000,USD,b
424,deca.tv,,web,Santa Monica,CA,1-Sep-07,5000000,USD,a
425,Zimbra,,web,San Mateo,CA,1-Apr-06,14500000,USD,c
426,FriendFeed,,web,Mountain View,CA,26-Feb-08,5000000,USD,a
427,Rupture,15,web,San Francisco,CA,1-Jul-07,3000000,USD,angel
428,JibJab,,web,Santa Monica,CA,1-Oct-07,3000000,USD,b
429,Rubicon Project,,web,Los Angeles,CA,1-Oct-07,4000000,USD,a
430,Rubicon Project,,web,Los Angeles,CA,1-Oct-07,2000000,USD,debt_round
431,Rubicon Project,,web,Los Angeles,CA,28-Jan-08,15000000,USD,b
432,SnapLayout,,web,San Francisco,CA,1-May-07,650000,USD,a
433,Confabb,,web,,CA,1-Aug-07,200000,USD,angel
434,UpTake,,web,Palo Alto,CA,18-Dec-07,4000000,USD,a
435,23andMe,30,web,Mountain View,CA,1-May-07,9000000,USD,a
436,YuMe,,web,Redwood City,CA,1-Oct-07,9000000,USD,b
437,Mochi Media,,web,San Francisco,CA,12-Mar-08,4000000,USD,a
438,Mochi Media,,web,San Francisco,CA,18-Jun-08,10000000,USD,b
439,Blurb,,web,San Francisco,CA,1-Oct-06,12000000,USD,b
440,WeatherBill,,web,San Francisco,CA,1-Oct-07,12600000,USD,a
441,Automattic,20,web,San Francisco,CA,1-Jul-05,1100000,USD,a
442,Automattic,20,web,San Francisco,CA,1-Jan-08,29500000,USD,b
443,Radar Networks,,web,San Francisco,CA,1-Apr-06,5000000,USD,a
444,Radar Networks,,web,San Francisco,CA,1-Feb-08,13000000,USD,b
445,Veodia,15,web,San Mateo,CA,12-May-08,8300000,USD,a
446,EchoSign,,web,Palo Alto,CA,1-Oct-07,6000000,USD,a
447,Rollbase,0,web,Mountain View,CA,1-Aug-07,400000,USD,angel
448,Predictify,6,web,Redwood City,CA,25-Mar-08,4300000,USD,a
449,TrialPay,50,web,San Francisco,CA,1-Feb-08,12700000,USD,b
450,Socializr,,web,San Francisco,CA,1-Sep-07,1500000,USD,a
451,Eurekster,0,web,,CA,1-Dec-04,1350000,USD,a
452,Eurekster,0,web,,CA,13-Mar-07,5500000,USD,b
453,Gydget,,web,San Francisco,CA,1-Aug-06,1000000,USD,a
454,PicksPal,,web,Mountain View,CA,1-Oct-07,3000000,USD,c
455,Gigya,,web,Palo Alto,CA,1-Feb-07,3000000,USD,a
456,Gigya,,web,Palo Alto,CA,9-Mar-08,9500000,USD,b
457,Songbird,,web,San Francisco,CA,1-Dec-06,8000000,USD,seed
458,Guardian Analytics,,web,Los Altos,CA,1-Oct-07,4500000,USD,b
459,Fora.TV,,web,San Francisco,CA,1-Oct-07,4000000,USD,a
460,Disqus,3,web,San Francisco,CA,18-Mar-08,500000,USD,a
461,SezWho,9,web,Los Altos,CA,1-Oct-07,1000000,USD,a
462,YieldBuild,,web,San Francisco,CA,3-Mar-08,6000000,USD,b
463,Akimbo,,web,San Mateo,CA,1-Jun-06,15500000,USD,c
464,Akimbo,,web,San Mateo,CA,1-Jul-04,12000000,USD,b
465,Akimbo,,web,San Mateo,CA,1-Jun-03,4200000,USD,seed
466,Akimbo,,web,San Mateo,CA,29-Feb-08,8000000,USD,d
467,Laszlo Systems,60,software,San Mateo,CA,6-Mar-08,14600000,USD,c
468,Laszlo Systems,60,software,San Mateo,CA,15-Apr-05,6250000,USD,b
469,BrightRoll,,web,San Francisco,CA,1-Oct-07,5000000,USD,b
470,MerchantCircle,10,web,Los Altos,CA,1-Sep-07,10000000,USD,b
471,Minekey,,web,Sunnyvale,CA,1-Aug-07,3000000,USD,a
472,Booking Angel,,web,Hollywood,CA,1-Aug-07,100000,USD,angel
473,Loopt,,web,Mountain View,CA,1-Jun-05,6000,USD,seed
474,Loopt,,web,Mountain View,CA,23-Jul-07,8250000,USD,b
475,Fix8,,web,Sherman Oaks,CA,1-Oct-07,3000000,USD,a
476,Fix8,,web,Sherman Oaks,CA,3-Apr-08,2000000,USD,b
477,MyBuys,,web,Redwood Shores,CA,21-Feb-07,2800000,USD,a
478,MyBuys,,web,Redwood Shores,CA,8-Oct-07,10000000,USD,b
479,BlackArrow,35,web,San Mateo,CA,1-Oct-07,12000000,USD,b
480,BlackArrow,35,web,San Mateo,CA,1-Nov-06,14750000,USD,a
481,Peerflix,,web,Palo Alto,CA,1-Oct-05,8000000,USD,b
482,Peerflix,,web,Palo Alto,CA,1-Mar-05,2000000,USD,a
483,fatdoor,,web,Palo Alto,CA,1-Nov-07,5500000,USD,a
484,fatdoor,,web,Palo Alto,CA,1-Feb-07,1000000,USD,angel
485,fatdoor,,web,Palo Alto,CA,1-May-07,500000,USD,debt_round
486,Verimatrix,100,web,San Diego,CA,1-Jun-06,8000000,USD,b
487,Verimatrix,100,web,San Diego,CA,1-Oct-07,5000000,USD,c
488,Billeo,,web,Santa Clara,CA,1-Nov-07,7000000,USD,b
489,Billeo,,web,Santa Clara,CA,1-Apr-06,4000000,USD,a
490,Caring.com,,web,San Mateo,CA,1-Sep-07,6000000,USD,a
491,Ask.com,475,web,Oakland,CA,1-Mar-99,25000000,USD,a
492,Project Playlist,,web,Palo Alto,CA,1-Sep-07,3000000,USD,a
493,Blowtorch,,web,Sausalito,CA,1-Nov-07,50000000,USD,a
494,GameLayers,,web,San Francisco,CA,1-Oct-07,500000,USD,seed
495,MoGreet,,web,Venice,CA,1-Aug-07,1200000,USD,a
496,MoGreet,,web,Venice,CA,20-Jun-08,2500000,USD,b
497,YourTrumanShow,,web,San Francisco,CA,1-Dec-06,1300000,USD,angel
498,Apprema,,web,Sunnyvale,CA,1-Nov-07,800000,USD,debt_round
499,TrustedID,100,web,Redwood City,CA,1-Jan-07,5000000,USD,a
500,TrustedID,100,web,Redwood City,CA,18-Oct-07,10000000,USD,b
501,Seeqpod,25,web,Emeryville,CA,1-Apr-08,7000000,USD,angel
502,Quantenna,,web,Sunnyvale,CA,1-Nov-07,12700000,USD,b
503,Qwaq,,web,Palo Alto,CA,1-Nov-07,7000000,USD,b
504,uber,24,web,Beverly Hills,CA,26-May-08,7600000,USD,b
505,CashView,,web,Palo Alto,CA,1-Sep-07,6500000,USD,b
506,CrossLoop,8,web,Monterey,CA,1-Dec-07,3000000,USD,a
507,Dapper,20,web,San Francisco,CA,1-Dec-07,3000000,USD,a
508,Anchor Intelligence,,web,Mountain View,CA,1-Jan-07,2000000,USD,a
509,Anchor Intelligence,,web,Mountain View,CA,1-Sep-07,4000000,USD,b
510,EdgeCast,30,web,Los Angeles,CA,1-Dec-07,6000000,USD,b
511,EdgeCast,30,web,Los Angeles,CA,1-Jun-07,4000000,USD,a
512,Kosmix,,web,Mountain View,CA,1-Dec-07,10000000,USD,c
513,GoodReads,,web,Santa Monica,CA,1-Nov-07,750000,USD,angel
514,Ribbit,28,web,Mountain View,CA,1-Dec-07,10000000,USD,b
515,Ribbit,28,web,Mountain View,CA,1-Oct-06,3000000,USD,a
516,Jobvite,,web,San Francisco,CA,1-Dec-07,7200000,USD,a
517,Juice Wireless,,web,Los Angeles,CA,1-Apr-05,500000,USD,a
518,Juice Wireless,,web,Los Angeles,CA,1-Jan-06,1500000,USD,a
519,Juice Wireless,,web,Los Angeles,CA,1-Jul-06,4000000,USD,a
520,Juice Wireless,,web,Los Angeles,CA,1-Mar-07,3300000,USD,b
521,Juice Wireless,,web,Los Angeles,CA,1-Dec-07,6000000,USD,c
522,Qik,22,web,Foster City,CA,9-Apr-08,3000000,USD,b
523,PlayFirst,,web,San Francisco,CA,1-Dec-07,16500000,USD,c
524,PlayFirst,,web,San Francisco,CA,1-Jan-06,5000000,USD,b
525,Mobissimo,15,web,San Francisco,CA,1-Apr-04,1000000,USD,seed
526,Chumby,20,hardware,San Diego,CA,1-Dec-06,5000000,USD,a
527,Chumby,20,hardware,San Diego,CA,31-Mar-08,12500000,USD,b
528,UGOBE,,web,Emeryville,CA,1-Oct-06,8000000,USD,b
529,Ausra,4,web,Palo Alto,CA,1-Sep-07,40000000,USD,a
530,Causes,,web,Berkeley,CA,1-Jan-07,2350000,USD,a
531,Causes,,web,Berkeley,CA,1-Mar-08,5000000,USD,b
532,Nanosolar,,web,San Jose,CA,1-May-05,20000000,USD,b
533,Nanosolar,,web,San Jose,CA,1-Jun-06,75000000,USD,c
534,Shozu,,web,San Francisco,CA,1-May-05,12000000,USD,b
535,Shozu,,web,San Francisco,CA,29-Jan-08,12000000,USD,c
536,Tesla Motors,270,hardware,San Carlos,CA,1-May-06,40000000,USD,c
537,Tesla Motors,270,hardware,San Carlos,CA,1-May-07,45000000,USD,d
538,Tesla Motors,270,hardware,San Carlos,CA,1-Apr-04,7500000,USD,a
539,Tesla Motors,270,hardware,San Carlos,CA,1-Feb-05,13000000,USD,b
540,Tesla Motors,270,hardware,San Carlos,CA,8-Feb-08,40000000,USD,e
541,Bunchball,,web,Redwood City,CA,1-Oct-06,2000000,USD,a
542,Bunchball,,web,Redwood City,CA,13-Apr-08,4000000,USD,b
543,Pinger,,web,San Jose,CA,1-Dec-06,8000000,USD,b
544,Hooja,,web,Palo Alto,CA,1-Dec-07,1250000,USD,seed
545,TravelMuse,11,web,Los Altos,CA,1-May-07,3000000,USD,a
546,Cooking.com,,web,Santa Monica,CA,1-Jan-08,7000000,USD,debt_round
547,Cooking.com,,web,Santa Monica,CA,1-May-00,35000000,USD,e
548,Cooking.com,,web,Santa Monica,CA,1-Apr-99,16000000,USD,b
549,Cooking.com,,web,Santa Monica,CA,1-Oct-99,30000000,USD,c
550,Meraki,,web,Mountain View,CA,1-Feb-07,5000000,USD,a
551,Meraki,,web,Mountain View,CA,1-Jan-08,20000000,USD,b
552,SugarCRM,,web,Cupertino,CA,1-Jan-08,14500000,USD,d
553,SugarCRM,,web,Cupertino,CA,1-Oct-05,18770000,USD,c
554,SugarCRM,,web,Cupertino,CA,1-Aug-04,2000000,USD,a
555,SugarCRM,,web,Cupertino,CA,1-Feb-05,5750000,USD,b
556,Pudding Media,11,software,San Jose,CA,1-Jan-08,8000000,USD,a
557,4HomeMedia,10,web,Sunnyvale,CA,1-Jan-07,2850000,USD,a
558,Pageonce,,web,Palo Alto,CA,1-Jan-08,1500000,USD,a
559,bluepulse,0,web,San Mateo,CA,1-Apr-07,6000000,USD,a
560,Mogad,2,web,San Francisco,CA,1-Aug-07,500000,USD,a
561,DeviceVM,,web,San Jose,CA,1-Aug-06,10000000,USD,a
562,DeviceVM,,web,San Jose,CA,1-Oct-07,10000000,USD,b
563,Outspark,,web,San Francisco,CA,11-Apr-07,4000000,USD,a
564,Outspark,,web,San Francisco,CA,1-Jan-08,11000000,USD,b
565,Engine Yard,60,web,San Francisco,CA,1-Jan-08,3500000,USD,a
566,Engine Yard,60,web,San Francisco,CA,13-Jul-08,15000000,USD,b
567,PLYmedia,,web,Palo Alto,CA,1-Oct-06,2500000,USD,a
568,PLYmedia,,web,Palo Alto,CA,1-Jul-08,6000000,USD,b
569,fabrik,175,web,San Mateo,CA,1-Sep-05,4100000,USD,a
570,fabrik,175,web,San Mateo,CA,1-Jun-06,8000000,USD,b
571,fabrik,175,web,San Mateo,CA,1-Feb-07,14300000,USD,c
572,fabrik,175,web,San Mateo,CA,1-May-07,24900000,USD,d
573,Widgetbox,,web,San Francisco,CA,1-Jun-06,1500000,USD,angel
574,Widgetbox,,web,San Francisco,CA,1-Jan-08,8000000,USD,b
575,Widgetbox,,web,San Francisco,CA,1-Jun-07,5000000,USD,a
576,RazorGator,,web,Los Angeles,CA,1-Mar-05,26000000,USD,a
577,RazorGator,,web,Los Angeles,CA,1-Mar-06,22800000,USD,b
578,OverSee,150,web,Los Angeles,CA,1-Jan-07,60000000,USD,debt_round
579,OverSee,150,web,Los Angeles,CA,1-Jan-08,150000000,USD,a
580,Zynga,90,other,San Francisco,CA,1-Jan-08,10000000,USD,a
581,Zynga,90,other,San Francisco,CA,22-Jul-08,29000000,USD,b
582,Smaato,,web,San Mateo,CA,1-Jan-08,3500000,USD,a
583,Credit Karma,4,web,San Francisco,CA,1-May-07,750000,USD,angel
584,Greenplum,,web,San Mateo,CA,1-Jan-08,27000000,USD,c
585,Greenplum,,web,San Mateo,CA,1-Feb-07,15000000,USD,b
586,Greenplum,,web,San Mateo,CA,1-Mar-06,15000000,USD,a
587,Greenplum,,web,San Mateo,CA,1-Feb-07,4000000,USD,debt_round
588,Amobee,,web,Redwood City,CA,1-Nov-06,5000000,USD,a
589,Amobee,,web,Redwood City,CA,1-Jan-07,15000000,USD,b
590,WebMynd,,web,San Francisco,CA,1-Jul-08,250000,USD,angel
591,Current Media,,web,San Francisco,CA,29-Jul-05,15000000,USD,a
592,Heroku,3,web,San Francisco,CA,1-Jan-08,20000,USD,seed
593,Heroku,3,web,San Francisco,CA,8-May-08,3000000,USD,a
594,Lookery,9,web,San Francisco,CA,7-Feb-08,900000,USD,seed
595,Mill River Labs,5,web,Mountain View,CA,1-Jan-08,900000,USD,angel
596,Grouptivity,10,web,San Mateo,CA,1-May-06,2000000,USD,angel
597,Aductions,5,web,San Jose,CA,5-Jul-07,100000,USD,seed
598,VentureBeat,,web,,CA,11-Feb-08,320000,USD,seed
599,Collarity,30,web,Palo Alto,CA,1-Feb-08,7800000,USD,b
600,RocketOn,,web,South San Francisco,CA,1-Feb-08,5800000,USD,b
601,What They Like,10,web,San Francisco,CA,29-Aug-07,990000,USD,a
602,GumGum,5,web,Los Angeles,CA,1-Dec-07,225000,USD,seed
603,GumGum,5,web,Los Angeles,CA,21-Jul-08,1000000,USD,a
604,Snap Technologies,32,web,Pasadena,CA,1-Jul-05,10000000,USD,a
605,TwoFish,,web,Redwood City,CA,1-Jun-07,5000000,USD,a
606,Three Rings,30,web,San Francisco,CA,3-Mar-08,3500000,USD,a
607,Smalltown,8,web,San Mateo,CA,1-Nov-05,4000000,USD,a
608,Sparkplay Media,,web,Mill Valley,CA,1-Feb-08,4250000,USD,a
609,MOG,,web,Berkeley,CA,1-Mar-07,1800000,USD,angel
610,MOG,,web,Berkeley,CA,29-Apr-08,2800000,USD,a
611,Social Gaming Network,,web,Palo Alto,CA,13-May-08,15000000,USD,a
612,Danger,,software,Palo Alto,CA,1-Oct-01,36000000,USD,b
613,Danger,,software,Palo Alto,CA,1-Feb-03,35000000,USD,d
614,Danger,,software,Palo Alto,CA,1-Jul-04,37000000,USD,d
615,Coverity,,software,San Francisco,CA,1-Feb-08,22000000,USD,a
616,GenieTown,8,web,Palo Alto,CA,1-Oct-07,2000000,USD,a
617,Redux,11,web,Berkeley,CA,1-Mar-07,1650000,USD,seed
618,Redux,11,web,Berkeley,CA,7-Apr-08,6500000,USD,a
619,Evernote,,software,Sunnyvale,CA,1-Mar-06,6000000,USD,angel
620,Evernote,,software,Sunnyvale,CA,1-Sep-07,3000000,USD,angel
621,Numobiq,,mobile,Pleasanton,CA,8-Feb-08,4500000,USD,a
622,GoldSpot Media,,mobile,Sunnyvale,CA,23-Jan-08,3000000,USD,a
623,Mobixell,,mobile,Cupertino,CA,8-Jul-08,6000000,USD,a
624,Ad Infuse,,mobile,San Francisco,CA,23-Jan-08,12000000,USD,b
625,Ad Infuse,,mobile,San Francisco,CA,1-Jun-06,5000000,USD,a
626,SendMe,,mobile,San Francisco,CA,1-Dec-06,6000000,USD,b
627,SendMe,,mobile,San Francisco,CA,18-Mar-08,15000000,USD,c
628,Tiny Pictures,15,mobile,San Francisco,CA,1-Aug-07,4000000,USD,a
629,Tiny Pictures,15,mobile,San Francisco,CA,1-Feb-08,7200000,USD,b
630,flurry,,mobile,San Francisco,CA,8-Mar-07,3500000,USD,a
631,Sharpcast,,,Palo Alto,CA,8-Mar-06,13500000,USD,a
632,Sharpcast,,,Palo Alto,CA,8-Mar-06,3000000,USD,b
633,Teneros,,software,Mountain View,CA,1-Jul-04,7000000,USD,a
634,Teneros,,software,Mountain View,CA,1-Mar-05,17500000,USD,b
635,Teneros,,software,Mountain View,CA,1-Apr-06,20000000,USD,c
636,Teneros,,software,Mountain View,CA,1-Jan-08,40000000,USD,d
637,PhotoCrank,3,web,Palo Alto,CA,1-Apr-07,250000,USD,seed
638,Yodlee,,web,Redwood City,CA,4-Jun-08,35000000,USD,unattributed
639,SlideRocket,5,web,San Francisco,CA,31-Dec-07,2000000,USD,a
640,Surf Canyon,3,software,Oakland,CA,31-Jul-07,250000,USD,seed
641,Surf Canyon,3,software,Oakland,CA,8-May-08,600000,USD,seed
642,Central Desktop,,web,Pasadena,CA,16-Apr-08,7000000,USD,a
643,OpenDNS,15,web,San Francisco,CA,1-Jun-06,2000000,USD,a
644,Coveo,,web,Palo Alto,CA,6-Mar-08,2500000,USD,a
645,Vizu,,web,San Francisco,CA,20-Feb-06,1000000,USD,a
646,Vizu,,web,San Francisco,CA,31-Jan-07,2900000,USD,b
647,Taltopia,,web,Los Angeles,CA,8-Mar-08,800000,USD,angel
648,Kapow Technologies,,web,Palo Alto,CA,6-Mar-08,11600000,USD,c
649,Kapow Technologies,,web,Palo Alto,CA,1-Feb-05,5100000,EUR,b
650,ProgrammerMeetDesigner.com,4,web,Los Angeles,CA,12-Dec-07,500000,USD,seed
651,LiveOps,,web,Santa Clara,CA,1-Apr-04,22000000,USD,b
652,LiveOps,,web,Santa Clara,CA,13-Feb-07,28000000,USD,c
653,Clickpass,,web,San Francisco,CA,1-Jun-07,20000,USD,seed
654,SearchMe,52,web,Mountain View,CA,1-Jul-05,400000,USD,a
655,SearchMe,52,web,Mountain View,CA,1-Jan-06,3600000,USD,b
656,SearchMe,52,web,Mountain View,CA,1-Jun-07,12000000,USD,c
657,SearchMe,52,web,Mountain View,CA,1-Oct-07,15000000,USD,d
658,SearchMe,52,web,Mountain View,CA,1-May-08,12600000,USD,e
659,AccountNow,,web,San Ramon,CA,29-Jun-07,12750000,USD,c
660,DailyStrength,14,web,Los Angeles,CA,18-May-07,4000000,USD,a
661,PopularMedia,,web,San Francisco,CA,1-Mar-07,4250000,USD,unattributed
662,PopularMedia,,web,San Francisco,CA,28-Jul-08,8000000,USD,c
663,Clarizen,5,web,San Mateo,CA,1-May-08,9000000,USD,b
664,SellPoint,,web,San Ramon,CA,27-Feb-08,7000000,USD,a
665,LiveDeal,,web,Santa Clara,CA,26-Oct-05,4900000,USD,a
666,NeoEdge Networks,,web,Mountain View,CA,8-Jun-07,3000000,USD,b
667,Zuora,30,web,Redwood City,CA,13-Mar-08,6500000,USD,a
668,Jivox,,web,San Mateo,CA,10-Mar-08,2700000,USD,seed
669,Jivox,,web,San Mateo,CA,16-Jun-08,10700000,USD,a
670,Elastra,,,San Francisco,CA,15-Aug-07,2600000,USD,a
671,kwiry,3,mobile,San Francisco,CA,20-Mar-07,1000000,USD,a
672,SupplyFrame,25,web,Pasadena,CA,21-Jun-07,7000000,USD,b
673,InMage Systems,,software,Santa Clara,CA,10-Jul-07,10000000,USD,b
674,Authenticlick,20,web,Los Angeles,CA,1-Feb-06,5000000,USD,a
675,Interneer,6,web,Agoura Hills,CA,6-Jun-07,2000000,USD,angel
676,Interneer,6,web,Agoura Hills,CA,11-Mar-07,1200000,USD,a
677,Handipoints,,web,Oakland,CA,2-May-07,250000,USD,seed
678,Handipoints,,web,Oakland,CA,2-May-08,550000,USD,angel
679,Adconion Media Group,150,web,Santa Monica,CA,24-Feb-08,80000000,USD,c
680,Zend Technologies,,,Cupertino,CA,28-Aug-06,20000000,USD,d
681,Zend Technologies,,,Cupertino,CA,19-Jul-04,8000000,USD,c
682,SlideShare,10,web,San Francisco,CA,7-May-08,3000000,USD,a
683,Intent,6,web,Santa Monica,CA,1-Feb-08,250000,USD,angel
684,Wikimedia Foundation,,web,San Francisco,CA,25-Mar-08,3000000,USD,unattributed
685,Clearwell Systems,75,software,Mountain View,CA,22-Aug-07,17000000,USD,c
686,Become,,web,Mountain View,CA,25-Mar-08,17500000,USD,c
687,Become,,web,Mountain View,CA,17-Jul-08,8000000,USD,d
688,Bubble Motion,,mobile,Mountain View,CA,26-Mar-08,14000000,USD,b
689,Bubble Motion,,mobile,Mountain View,CA,11-Sep-06,10000000,USD,a
690,Perfect Market,,web,Pasadena,CA,9-Jul-08,15600000,USD,a
691,Glassdoor,12,web,Sausalito,CA,27-Mar-08,3000000,USD,b
692,Support Space,,web,Redwood City,CA,24-Oct-06,4250000,USD,a
693,Xoopit,,web,San Francisco,CA,1-Dec-06,1500000,USD,angel
694,Xoopit,,web,San Francisco,CA,2-Apr-08,5000000,USD,a
695,Reality Digital,,software,San Francisco,CA,1-Nov-05,2000000,USD,a
696,Reality Digital,,software,San Francisco,CA,31-Mar-08,6300000,USD,b
697,Cloud9 Analytics,,web,San Mateo,CA,25-Jul-07,5000000,USD,a
698,Netcipia,3,web,Palo Alto,CA,30-Aug-07,200000,USD,angel
699,iControl,,web,Palo Alto,CA,2-Apr-08,15500000,USD,b
700,iControl,,web,Palo Alto,CA,26-Apr-06,5000000,USD,a
701,Frengo,,web,San Mateo,CA,1-Dec-06,2300000,USD,a
702,Frengo,,web,San Mateo,CA,3-May-07,5700000,USD,b
703,mBlox,,mobile,Sunnyvale,CA,23-Feb-06,25000000,USD,d
704,mBlox,,mobile,Sunnyvale,CA,9-Mar-05,7500000,USD,c
705,mBlox,,mobile,Sunnyvale,CA,9-Jul-04,10000000,USD,b
706,mBlox,,mobile,Sunnyvale,CA,28-Jan-08,22000000,USD,e
707,eSolar,10,hardware,Pasadena,CA,17-Jan-08,10000000,USD,a
708,eSolar,10,hardware,Pasadena,CA,21-Apr-08,130000000,USD,b
709,Marin Software,,software,San Francisco,CA,5-Oct-06,2000000,USD,a
710,Marin Software,,software,San Francisco,CA,9-Apr-08,7250000,USD,b
711,SiBEAM,,hardware,Sunnyvale,CA,1-Dec-04,1250000,USD,seed
712,SiBEAM,,hardware,Sunnyvale,CA,1-May-05,15000000,USD,a
713,SiBEAM,,hardware,Sunnyvale,CA,1-Aug-06,21000000,USD,b
714,SiBEAM,,hardware,Sunnyvale,CA,7-Apr-08,40000000,USD,c
715,Lumos Labs,,web,San Francisco,CA,11-Jun-07,400000,USD,angel
716,Lumos Labs,,web,San Francisco,CA,3-Jun-08,3000000,USD,a
717,iRise,150,software,El Segundo,CA,1-Mar-08,20000000,USD,unattributed
718,richrelevance,,web,San Francisco,CA,8-Apr-08,4200000,USD,b
719,Labmeeting,,web,,CA,1-May-08,500000,USD,seed
720,Shopflick,10,web,Los Angeles,CA,15-Mar-08,1000000,USD,angel
721,Shopflick,10,web,Los Angeles,CA,1-Jul-08,7000000,USD,a
722,TurnHere,35,web,Emeryville,CA,15-Feb-08,7500000,USD,a
723,TurnHere,35,web,Emeryville,CA,1-Nov-06,1100000,USD,seed
724,Coupa,,web,Foster City,CA,13-Mar-07,1500000,USD,a
725,Coupa,,web,Foster City,CA,9-Apr-08,6000000,USD,b
726,SquareTrade,,hardware,San Francisco,CA,1-Oct-99,400000,USD,seed
727,SquareTrade,,hardware,San Francisco,CA,10-Apr-08,9000000,USD,b
728,V-Enable,,mobile,San Diego,CA,28-Feb-06,6000000,USD,c
729,V-Enable,,mobile,San Diego,CA,21-Sep-03,3750000,USD,b
730,Aeria,,web,Santa Clara,CA,1-Oct-07,288000,USD,seed
731,Heysan,6,mobile,San Francisco,CA,24-Jan-07,20000,USD,seed
732,Memeo,,software,Aliso Viejo,CA,7-Jan-08,8100000,USD,b
733,imageshack,,web,Los Gatos,CA,1-May-07,10000000,USD,a
734,PluggedIn,,,Santa Monica,CA,15-Apr-08,2000000,USD,unattributed
735,CellSpin,12,mobile,San Jose,CA,1-Dec-06,1100000,USD,angel
736,Remixation,5,web,San Francisco,CA,1-Jul-07,1000000,USD,a
737,The Auteurs,9,web,Palo Alto,CA,1-Aug-07,750000,USD,a
738,Modern Feed,,web,Los Angeles,CA,1-Apr-07,3000000,USD,seed
739,GROU.PS,,web,San Francisco,CA,1-Jun-08,1100000,USD,a
740,Triggit,5,web,San Francisco,CA,1-Mar-07,350000,USD,seed
741,Triggit,5,web,San Francisco,CA,1-Jul-07,500000,USD,angel
742,Serious Business,6,web,San Francisco,CA,25-Apr-08,4000000,USD,unattributed
743,Presdo,1,web,Mountain View,CA,1-Dec-07,35000,USD,seed
744,Nile Guide,,web,San Francisco,CA,5-Jun-08,8000000,USD,b
745,Adify,10,web,San Bruno,CA,1-Aug-06,8000000,USD,a
746,Adify,10,web,San Bruno,CA,18-Apr-07,19000000,USD,b
747,Invensense,,hardware,Sunnyvale,CA,28-Apr-08,19000000,USD,c
748,Center'd,,web,Menlo Park,CA,1-Feb-07,1000000,USD,angel
749,Center'd,,web,Menlo Park,CA,1-Oct-07,5500000,USD,a
750,Center'd,,web,Menlo Park,CA,1-May-07,500000,USD,debt_round
751,New Relic,,web,,CA,1-Apr-08,3500000,USD,a
752,Gridstone Research,,software,San Mateo,CA,4-Apr-08,10000000,USD,b
753,FusionOps,10,software,Sunnyvale,CA,1-Mar-05,4000000,USD,a
754,MarketLive,,software,Foster City,CA,5-May-08,20000000,USD,e
755,SnapLogic,,software,San Mateo,CA,22-May-07,2500000,USD,a
756,Boardwalktech,20,software,Palo Alto,CA,1-Oct-06,500000,USD,angel
757,Rosum,,hardware,Mountain View,CA,15-Apr-08,15000000,USD,b
758,CitizenHawk,,,Aliso Viejo,CA,12-May-08,3000000,USD,unattributed
759,Dilithium Networks,,web,Petaluma,CA,23-Apr-03,10000000,USD,b
760,Dilithium Networks,,web,Petaluma,CA,14-Mar-05,18000000,USD,c
761,Dilithium Networks,,web,Petaluma,CA,3-Jul-07,33000000,USD,d
762,Passenger,,,Los Angeles,CA,5-Nov-07,8300000,USD,b
763,Passenger,,,Los Angeles,CA,14-Mar-08,12200000,USD,c
764,Experience Project,,web,San Francisco,CA,13-May-08,3000000,USD,a
765,Mozes,,web,Palo Alto,CA,22-Feb-07,5000000,USD,a
766,Mozes,,web,Palo Alto,CA,1-May-08,11500000,USD,b
767,rVita,6,software,Santa Clara,CA,1-Oct-07,1000000,USD,angel
768,Mefeedia,6,web,Burbank,CA,19-Mar-08,250000,USD,angel
769,Wavemaker Software,,software,San Francisco,CA,15-Apr-08,4500000,USD,a
770,VirtualLogix,,software,Sunnyvale,CA,11-Jul-07,16000000,USD,b
771,Fonemesh,7,software,San Francisco,CA,1-Jun-08,100000,USD,angel
772,Fonemesh,7,software,San Francisco,CA,1-May-08,150000,USD,seed
773,Cognition Technologies,20,software,Culver City,CA,15-Jul-08,2700000,USD,unattributed
774,Sometrics,,web,Los Angeles,CA,14-May-08,1000000,USD,a
775,SocialVibe,,web,Los Angeles,CA,1-Dec-07,4200000,USD,a
776,deviantART,,web,Hollywood,CA,21-Jun-07,3500000,USD,a
777,MyThings,,web,Menlo Park,CA,1-Apr-06,8000000,USD,a
778,mywaves,35,mobile,Sunnyvale,CA,8-Dec-06,6000000,USD,a
779,litescape,,web,Redwood Shores,CA,6-Aug-07,14000000,USD,b
780,nextbio,,,Cupertino,CA,6-Jun-07,7000000,USD,b
781,Parascale,,software,Cupertino,CA,23-Jun-08,11370000,USD,a
782,Row44,,hardware,Westlake Village,CA,20-May-08,21000000,USD,a
783,JellyCloud,,web,Redwood City,CA,16-May-08,6600000,USD,a
784,Aster Data Systems,50,software,Redwood City,CA,1-Nov-05,1000000,USD,angel
785,Aster Data Systems,50,software,Redwood City,CA,1-May-07,5000000,USD,a
786,Pixim,,hardware,Mountain View,CA,7-Mar-07,15000000,USD,b
787,Pixim,,hardware,Mountain View,CA,9-Jun-05,12000000,USD,a
788,Pixim,,hardware,Mountain View,CA,12-Jun-07,5100000,USD,b
789,Funambol,,mobile,Redwood City,CA,8-Aug-05,5000000,USD,a
790,Funambol,,mobile,Redwood City,CA,1-Dec-06,5500000,USD,a
791,Funambol,,mobile,Redwood City,CA,17-Jun-08,12500000,USD,b
792,Funambol,,mobile,Redwood City,CA,1-Jun-08,2000000,USD,debt_round
793,Moblyng,,web,Menlo Park,CA,21-May-08,5700000,USD,b
794,Moblyng,,web,Menlo Park,CA,28-Mar-07,1530000,USD,a
795,Zecter,3,web,Mountain View,CA,1-Jun-07,15000,USD,seed
796,Votigo,,web,Emeryville,CA,31-Dec-07,1265000,USD,a
797,Zinio,,web,San Francisco,CA,12-Sep-05,7000000,USD,a
798,Dreamfactory,,web,Mountain View,CA,8-May-06,5800000,USD,a
799,GreenNote,15,web,Redwood City,CA,1-Oct-07,4200000,USD,a
800,Skyfire,,software,Mountain View,CA,1-Jun-07,4800000,USD,a
801,Skyfire,,software,Mountain View,CA,28-May-08,13000000,USD,b
802,eduFire,,web,Santa Monica,CA,9-Apr-08,400000,USD,angel
803,B-hive Networks,,software,San Mateo,CA,25-Aug-06,7000000,USD,a
804,VMware,5000,,Palo Alto,CA,30-Jul-07,150000000,USD,unattributed
805,Katalyst Media,11,,Los Angeles,CA,28-Jan-08,10000000,USD,a
806,NeuroVigil,5,biotech,La Jolla,CA,30-May-08,250000,USD,seed
807,Sylantro,,web,Campbell,CA,1-Apr-06,11000000,USD,e
808,Sylantro,,web,Campbell,CA,1-Nov-03,4500000,USD,d
809,Sylantro,,web,Campbell,CA,1-Oct-00,55000000,USD,c
810,TeleFlip,,mobile,Santa Monica,CA,1-Jan-08,4900000,USD,b
811,Vidshadow,16,web,Placentia,CA,15-Feb-07,2000000,USD,a
812,Jigsaw,,web,San Mateo,CA,1-Dec-03,750000,USD,a
813,Jigsaw,,web,San Mateo,CA,1-Sep-04,5200000,USD,b
814,Jigsaw,,web,San Mateo,CA,1-Mar-06,12000000,USD,c
815,Ozmo Devices,,hardware,Palo Alto,CA,30-Mar-06,12550000,USD,a
816,Cooliris,,web,Menlo Park,CA,1-Jul-07,3000000,USD,a
817,Gamook,,web,Menlo Park,CA,16-Mar-08,1500000,USD,a
818,Vindicia,,web,Redwood City,CA,31-Mar-08,5600000,USD,c
819,Dizzywood,,web,,CA,7-Feb-08,1000000,USD,a
820,Limbo,37,web,Burlingame,CA,25-Apr-07,8000000,USD,b
821,StartForce,21,web,San Francisco,CA,1-Sep-07,1000000,USD,a
822,coolearth,9,cleantech,Livermore,CA,20-Feb-08,21000000,USD,a
823,coolearth,9,cleantech,Livermore,CA,1-Jun-07,1000000,USD,angel
824,Yield Software,,web,San Mateo,CA,4-Jun-08,6000000,USD,b
825,Tapulous,9,web,Palo Alto,CA,1-Jul-08,1800000,USD,angel
826,Codefast,,software,San Jose,CA,15-Mar-05,6500000,USD,a
827,Hyperic,,web,San Francisco,CA,10-May-06,3800000,USD,a
828,iPling :)),7,mobile,San Francisco,CA,1-Mar-08,300000,USD,angel
829,Intacct,100,software,San Jose,CA,29-Apr-08,15000000,USD,unattributed
830,Intacct,100,software,San Jose,CA,27-Jun-07,14000000,USD,unattributed
831,Vivaty,25,web,Menlo Park,CA,1-Aug-07,9400000,USD,a
832,Aurora Biofuels,,cleantech,Alameda,CA,10-Jun-08,20000000,USD,b
833,eEye,,,Irvine,CA,1-Jun-04,15000000,USD,d
834,eEye,,,Irvine,CA,1-Dec-02,9000000,USD,c
835,AllBusiness.com,50,other,San Francisco,CA,1-Jul-04,10000000,USD,b
836,AllBusiness.com,50,other,San Francisco,CA,1-Feb-06,12400000,USD,c
837,InsideView,40,software,San Francisco,CA,1-Jun-07,7400000,USD,a
838,Clickability,,software,San Francisco,CA,14-Jul-08,3500000,USD,debt_round
839,Keibi Technologies,30,software,San Francisco,CA,1-May-07,5000000,USD,b
840,RoboDynamics,5,hardware,Santa Monica,CA,1-Sep-03,100000,USD,seed
841,RoboDynamics,5,hardware,Santa Monica,CA,1-May-06,500000,USD,angel
842,ImageSpan,,web,Sausalito,CA,23-Jun-08,11000000,USD,b
843,Solarflare,,hardware,Irvine,CA,18-Jun-08,26000000,USD,unattributed
844,Clupedia,,web,Santa Ana,CA,22-May-07,1300000,USD,a
845,Zigabid,10,other,La Canada,CA,1-Dec-06,500000,USD,seed
846,Zigabid,10,other,La Canada,CA,1-Feb-08,500000,USD,angel
847,InThrMa,3,software,Oakland,CA,1-Oct-07,10000,USD,seed
848,Webaroo,,,Santa Clara,CA,22-Dec-06,10000000,USD,b
849,Webaroo,,,Santa Clara,CA,5-Jul-08,10000000,USD,c
850,Fluid Entertainment,,other,Mill Valley,CA,12-Mar-08,3200000,USD,a
851,Unisfair,,other,Menlo Park,CA,21-Jan-08,10000000,USD,b
852,ON24,,web,San Francisco,CA,11-Jul-08,8000000,USD,unattributed
853,trueAnthem,10,other,Newport Beach,CA,28-Jul-08,2000000,USD,angel
854,Colizer,,web,San Diego,CA,1-Apr-04,120000,USD,a
855,Coremetrics,,software,San Mateo,CA,9-Mar-06,31000000,USD,d
856,Coremetrics,,software,San Mateo,CA,4-Apr-08,60000000,USD,e
857,Minted,,,San Francisco,CA,18-Jul-08,2500000,USD,seed
858,Appirio,,software,San Mateo,CA,13-Mar-08,1100000,USD,a
859,Appirio,,software,San Mateo,CA,21-Jul-08,10000000,USD,b
860,samfind,3,web,Los Angeles,CA,1-Jan-06,20000,USD,seed
861,Eye-Fi,,hardware,Mountain View,CA,11-Jun-07,5500000,USD,a
862,ResponseLogix,,web,Sunnyvale,CA,23-Jan-08,8000000,USD,a
863,Qumu,,software,Emeryville,CA,21-Jul-08,10700000,USD,c
864,CarbonFlow,,cleantech,San Francsico,CA,23-Jul-08,2900000,USD,a
865,Allvoices,8,web,San Francisco,CA,31-Jul-07,4500000,USD,a
866,Moxsie,,web,Palo Alto,CA,27-Jun-08,1000000,USD,a
867,Service-now.com,80,web,Solana Beach,CA,5-Jul-05,2500000,USD,a
868,Service-now.com,80,web,Solana Beach,CA,5-Dec-06,5000000,USD,b
869,Anvato,,web,Mountain View,CA,29-Jul-08,550000,USD,seed
870,Vantage Media,150,web,El Segundo,CA,28-Feb-07,70000000,USD,a
871,Entone Technologies,80,hardware,San Mateo,CA,1-Aug-08,14500000,USD,b
872,Entone Technologies,80,hardware,San Mateo,CA,2-May-03,9500000,USD,a
873,750 Industries,7,web,San Francisco,CA,1-Aug-08,1000000,USD,a
874,Plastic Logic,,hardware,Mountain View,CA,20-Apr-02,13700000,USD,a
875,Plastic Logic,,hardware,Mountain View,CA,5-Jan-05,8000000,USD,b
876,Plastic Logic,,hardware,Mountain View,CA,30-Nov-05,24000000,USD,c
877,Plastic Logic,,hardware,Mountain View,CA,6-Jan-07,100000000,USD,d
878,Plastic Logic,,hardware,Mountain View,CA,4-Aug-08,50000000,USD,e
879,Paymo,,mobile,San Francisco,CA,1-Aug-08,5000000,USD,seed
880,Brilliant Telecom,,,Campbell,CA,4-Aug-08,11000000,USD,a
881,SkyGrid,,web,Sunnyvale,CA,6-Aug-08,11000000,USD,b
882,Intense Debate,4,web,Boulder,CO,1-May-07,15000,USD,seed
883,Associated Content,,web,Denver,CO,1-Jan-06,5400000,USD,a
884,Associated Content,,web,Denver,CO,1-Jul-07,10000000,USD,b
885,madKast,,web,Boulder,CO,1-Mar-07,15000,USD,seed
886,madKast,,web,Boulder,CO,1-Oct-07,300000,USD,a
887,EventVue,,web,Boulder,CO,1-Aug-07,15000,USD,seed
888,EventVue,,web,Boulder,CO,1-Sep-07,250000,USD,a
889,Socialthing!,6,web,Boulder,CO,18-May-07,15000,USD,seed
890,Socialthing!,6,web,Boulder,CO,1-Oct-07,500000,USD,debt_round
891,J Squared Media,,web,Boulder,CO,1-Aug-07,15000,USD,seed
892,Search to Phone,,web,Boulder,CO,1-Aug-07,15000,USD,seed
893,Filtrbox,,web,Boulder,CO,1-Aug-07,15000,USD,seed
894,Filtrbox,,web,Boulder,CO,28-Feb-08,500000,USD,seed
895,Brightkite,,web,Denver,CO,1-Aug-07,15000,USD,seed
896,Brightkite,,web,Denver,CO,1-Mar-08,1000000,USD,angel
897,NewsGator,,web,Denver,CO,23-Jun-04,1400000,USD,a
898,NewsGator,,web,Denver,CO,1-Dec-07,12000000,USD,c
899,NewsGator,,web,Denver,CO,1-Dec-04,8600000,USD,b
900,Me.dium,,web,Boulder,CO,1-Jun-07,15000000,USD,b
901,Buzzwire,,web,Denver,CO,1-Dec-07,8000000,USD,b
902,HiveLive,,web,Boulder,CO,1-Feb-08,2200000,USD,angel
903,HiveLive,,web,Boulder,CO,27-Feb-08,5600000,USD,a
904,XAware,,web,Colorado Springs,CO,1-Jan-08,7400000,USD,b
905,XAware,,web,Colorado Springs,CO,1-Nov-02,2100000,USD,a
906,Lijit,,web,Boulder,CO,1-Jan-07,900000,USD,a
907,Lijit,,web,Boulder,CO,1-Jun-07,3300000,USD,b
908,hubbuzz,8,web,Centennial,CO,1-Mar-07,750000,USD,angel
909,Gnip,6,web,Boulder,CO,1-Mar-08,1100000,USD,a
910,Collective Intellect,,,Boulder,CO,1-Feb-06,2600000,USD,a
911,Collective Intellect,,,Boulder,CO,15-Apr-08,6600000,USD,b
912,Rally Software,,software,Boulder,CO,4-Jun-08,16850000,USD,c
913,Rally Software,,software,Boulder,CO,14-Jun-06,8000000,USD,b
914,Symplified,,software,Boulder,CO,9-Jun-08,6000000,USD,a
915,Indeed,,web,Stamford,CT,1-Aug-05,5000000,USD,a
916,Geezeo,,web,Hartford,CT,24-Apr-08,1200000,USD,unattributed
917,Entrecard,1,web,Hamden,CT,1-Jan-07,30000,USD,seed
918,Entrecard,1,web,Hamden,CT,1-Nov-07,40000,USD,seed
919,AmericanTowns.com,10,web,Fairfield,CT,1-Jul-06,1100000,USD,a
920,AmericanTowns.com,10,web,Fairfield,CT,1-Sep-07,3300000,USD,b
921,Kayak,58,web,Norwalk,CT,1-May-06,11500000,USD,c
922,Kayak,58,web,Norwalk,CT,1-Dec-04,7000000,USD,b
923,Kayak,58,web,Norwalk,CT,1-Dec-07,196000000,USD,d
924,GoCrossCampus,25,web,New Haven,CT,1-Sep-07,375000,USD,seed
925,Health Plan One,,web,Shelton,CT,21-Apr-08,6500000,USD,a
926,Your Survival,10,web,Westport,CT,1-Nov-07,350000,USD,angel
927,Media Lantern,9,web,New London,CT,30-Mar-08,250000,USD,seed
928,GridPoint,,cleantech,Washington,DC,1-Sep-07,32000000,USD,d
929,GridPoint,,cleantech,Washington,DC,1-May-06,16000000,USD,b
930,GridPoint,,cleantech,Washington,DC,1-Sep-06,21000000,USD,c
931,GridPoint,,cleantech,Washington,DC,28-Mar-08,15000000,USD,d
932,HotPads,11,web,Washington,DC,1-Mar-07,2300000,USD,a
933,LaunchBox,,web,Washinton,DC,1-Feb-08,250000,USD,a
934,Cogent,,web,Washington,DC,12-Feb-08,510000,USD,seed
935,SwapDrive,,web,Washington,DC,1-May-00,2650000,USD,a
936,SwapDrive,,web,Washington,DC,1-May-01,2000000,USD,a
937,Searchles,,web,Washington,DC,1-Jul-08,2000000,USD,angel
938,PayPerPost,,web,Orlando,FL,1-Jun-07,7000000,USD,b
939,PayPerPost,,web,Orlando,FL,1-Oct-06,3000000,USD,a
940,Affinity Internet,,web,Fort Lauderdale,FL,1-Oct-99,60000000,USD,a
941,Affinity Internet,,web,Fort Lauderdale,FL,1-Jan-02,25000000,USD,a
942,Multiply,,web,Boca Raton,FL,1-Nov-05,2000000,USD,a
943,Multiply,,web,Boca Raton,FL,1-Jul-06,3000000,USD,a
944,Multiply,,web,Boca Raton,FL,1-Aug-07,16600000,USD,b
945,Revolution Money,,web,Largo,FL,1-Sep-07,50000000,USD,b
946,Batanga,,web,Miami,FL,1-Aug-07,30000000,USD,c
947,Batanga,,web,Miami,FL,1-Apr-06,5000000,USD,b
948,divorce360,6,web,North Palm Beach,FL,1-Sep-07,2500000,USD,a
949,Infinity Box,3,web,Tampa,FL,1-Jan-06,18000,USD,seed
950,Infinity Box,3,web,Tampa,FL,1-Apr-06,100000,USD,angel
951,MOLI,,web,West Palm Beach,FL,1-Jan-08,29600000,USD,b
952,Global Roaming,29,mobile,Miami,FL,1-Feb-07,7500000,USD,a
953,Global Roaming,29,mobile,Miami,FL,1-Feb-08,23000000,USD,b
954,Slingpage,8,software,Estero,FL,1-Dec-07,2250000,USD,angel
955,WrapMail,10,web,Fort Lauderdale,FL,6-Jan-07,1100000,USD,seed
956,eJamming,,web,Boca Raton,FL,2-Jun-08,150000,USD,unattributed
957,Lehigh Technologies,,cleantech,Naples,FL,23-Jun-08,34500000,USD,unattributed
958,TournEase,10,web,Lakeland,FL,1-Apr-06,3000000,USD,angel
959,TournEase,10,web,Lakeland,FL,1-Mar-08,500000,USD,angel
960,Vitrue,,web,Atlanta,GA,1-Oct-07,10000000,USD,b
961,Vitrue,,web,Atlanta,GA,1-May-06,2200000,USD,seed
962,Screaming Sports,,web,Atlanta,GA,1-Jul-07,1250000,USD,a
963,beRecruited,,web,Atlanta,GA,1-Nov-07,1200000,USD,a
964,MFG,,web,Atlanta,GA,1-Sep-05,14000000,USD,a
965,MFG,,web,Atlanta,GA,1-Jan-07,4000000,USD,c
966,MFG,,web,Atlanta,GA,1-Jan-08,26000000,USD,d
967,Scintella Solutions,2,consulting,Atlanta,GA,30-Apr-08,10000,USD,seed
968,ScribeStorm,12,web,Fairfield,IA,24-Apr-06,225000,USD,angel
969,Balihoo,,mobile,Boise,ID,1-Jul-07,1500000,USD,a
970,Balihoo,,mobile,Boise,ID,1-Jan-08,4000000,USD,b
971,Info,,web,Chicago,IL,1-Nov-04,8400000,USD,a
972,FeedBurner,,web,Chicago,IL,1-Jun-04,1000000,USD,a
973,FeedBurner,,web,Chicago,IL,1-Apr-05,7000000,USD,b
974,Viewpoints,,web,Chicago,IL,1-Jun-07,5000000,USD,a
975,GrubHub,,web,Chicago,IL,1-Nov-07,1100000,USD,a
976,TicketsNow,,web,Rolling Meadows,IL,1-Jan-07,34000000,USD,a
977,The Point,,web,Chicago,IL,1-Nov-07,2500000,USD,angel
978,The Point,,web,Chicago,IL,1-Feb-08,4800000,USD,a
979,Inkling,2,web,Chicago,IL,1-Jan-07,20000,USD,seed
980,crowdSPRING,6,web,Chicago,IL,23-May-08,3000000,USD,angel
981,Ifbyphone,16,web,Skokie,IL,1-Jul-07,1500000,USD,a
982,Fave Media,18,web,Chicago,IL,17-Jan-08,1600000,USD,a
983,Accertify,,web,Schaumburg,IL,3-Jun-08,4000000,USD,a
984,Firefly Energy,,cleantech,Peoria,IL,14-Oct-04,4000000,USD,a
985,Firefly Energy,,cleantech,Peoria,IL,10-Jun-08,15000000,USD,c
986,Firefly Energy,,cleantech,Peoria,IL,13-Nov-06,10000000,USD,b
987,SAVO,68,software,Chicago,IL,1-Sep-05,10000000,USD,a
988,ChaCha,75,web,Carmel,IN,1-Jan-07,6000000,USD,a
989,ChaCha,75,web,Carmel,IN,1-Nov-07,10000000,USD,b
990,Better World Books,,web,Mishawaka,IN,7-Apr-08,4500000,USD,a
991,Compendium Blogware,25,software,Indianapolis,IN,1-May-07,1100000,USD,angel
992,Compendium Blogware,25,software,Indianapolis,IN,1-May-08,1600000,USD,angel
993,Instagarage,4,web,New Orleans,LA,10-May-07,25000,USD,seed
994,iSkoot,,web,Cambridge,MA,27-Feb-07,7000000,USD,b
995,iSkoot,,web,Cambridge,MA,29-Nov-06,6200000,USD,a
996,Gotuit Media,,web,Woburn,MA,1-Dec-04,10000000,USD,b
997,Gotuit Media,,web,Woburn,MA,1-Dec-02,6000000,USD,a
998,Carbonite,68,web,Boston,MA,1-Mar-06,2500000,USD,a
999,Carbonite,68,web,Boston,MA,1-Dec-06,3500000,USD,a
1000,Carbonite,68,web,Boston,MA,1-May-07,15000000,USD,b
1001,Carbonite,68,web,Boston,MA,28-Dec-07,5000000,USD,b
1002,ScanScout,40,web,Boston,MA,1-Mar-07,7000000,USD,a
1003,ScanScout,40,web,Boston,MA,1-Apr-07,2000000,USD,angel
1004,Going,,web,Boston,MA,1-Jul-07,5000000,USD,a
1005,Brightcove,,web,Cambridge,MA,1-Mar-05,5500000,USD,a
1006,Brightcove,,web,Cambridge,MA,1-Nov-05,16200000,USD,b
1007,Brightcove,,web,Cambridge,MA,1-Jan-07,59500000,USD,c
1008,Brightcove,,web,Cambridge,MA,1-Sep-06,5000000,USD,b
1009,Brightcove,,web,Cambridge,MA,1-May-08,4900000,USD,d
1010,PermissionTV,,web,Waltham,MA,1-Jun-07,9000000,USD,c
1011,Bountii,,web,Boston,MA,1-Jun-07,15000,USD,seed
1012,Conduit Labs,,web,Cambridge,MA,1-Aug-07,5500000,USD,a
1013,ZoomInfo,80,web,Waltham,MA,1-Jul-04,7000000,USD,a
1015,Vlingo,,web,Cambridge,MA,2-Apr-08,20000000,USD,b
1016,Vtap,,web,Andover,MA,1-May-07,14000000,USD,b
1017,MocoSpace,25,mobile,Boston,MA,1-Jan-07,3000000,USD,a
1018,Quattro Wireless,,web,Waltham,MA,1-May-07,6000000,USD,a
1019,Quattro Wireless,,web,Waltham,MA,5-Sep-07,12300000,USD,b
1020,Care.com,,web,Waltham,MA,1-May-07,3100000,USD,a
1021,OnForce,,web,Lexington,MA,1-Sep-07,6750000,USD,a
1022,OnForce,,web,Lexington,MA,12-Jan-06,15000000,USD,a
1023,RatePoint,,web,Needham,MA,1-Jun-07,6500000,USD,a
1024,UpDown,5,web,Cambridge,MA,29-Jan-08,750000,USD,angel
1025,Eons,,web,Boston,MA,1-Mar-07,22000000,USD,b
1026,Eons,,web,Boston,MA,1-Apr-06,10000000,USD,a
1027,GamerDNA,,web,Cambridge,MA,18-Apr-08,3000000,USD,a
1028,Mix & Meet,2,web,Cambridge,MA,29-Mar-08,400000,USD,angel
1029,Sermo,,web,Cambridge,MA,1-Sep-07,25000000,USD,c
1030,Sermo,,web,Cambridge,MA,1-Jan-07,9500000,USD,b
1031,Sermo,,web,Cambridge,MA,1-Sep-06,3000000,USD,a
1032,WorkLight,30,web,Newton,MA,1-Sep-06,5100000,USD,a
1033,WorkLight,30,web,Newton,MA,30-Apr-08,12000000,USD,b
1034,MatchMine,,web,Needham,MA,1-Sep-07,10000000,USD,a
1035,CondoDomain,4,other,Boston,MA,1-Jun-05,300000,USD,angel
1036,uTest,10,web,Ashland,MA,1-Oct-07,2300000,USD,a
1037,Compete,,web,Boston,MA,1-Aug-07,10000000,USD,c
1038,Compete,,web,Boston,MA,6-Oct-03,13000000,USD,b
1039,Azuki Systems,30,web,Acton,MA,1-Sep-07,6000000,USD,a
1040,Acinion,,web,Acton,MA,1-Dec-06,5000000,USD,a
1041,Acinion,,web,Acton,MA,1-Oct-07,16000000,USD,b
1042,xkoto,45,software,Waltham,MA,1-Nov-07,7500000,USD,b
1043,HubSpot,30,web,Cambridge,MA,1-Sep-07,5000000,USD,a
1044,HubSpot,30,web,Cambridge,MA,16-May-08,12000000,USD,b
1045,HubSpot,30,web,Cambridge,MA,1-May-06,500000,USD,seed
1046,Utterz,3,mobile,Maynard,MA,1-Sep-07,4000000,USD,a
1047,Intronis,,web,Boston,MA,1-Oct-07,5000000,USD,a
1048,Acquia,11,web,Andover,MA,1-Dec-07,7000000,USD,a
1049,A123Systems,,web,Watertown,MA,1-Oct-07,30000000,USD,d
1050,A123Systems,,web,Watertown,MA,1-Jan-07,40000000,USD,c
1051,A123Systems,,web,Watertown,MA,1-Feb-06,30000000,USD,b
1052,Boston Power,55,web,Westborough,MA,1-Nov-06,8000000,USD,a
1053,Boston Power,55,web,Westborough,MA,1-Jan-08,45000000,USD,c
1054,Boston Power,55,web,Westborough,MA,1-Jan-07,15600000,USD,b
1055,Visible Measures,,web,Boston,MA,1-Mar-07,5000000,USD,a
1056,Visible Measures,,web,Boston,MA,1-Jan-08,13500000,USD,b
1057,Visible Measures,,web,Boston,MA,1-Jan-06,800000,USD,seed
1058,Endeca,500,web,Cambridge,MA,1-Jun-04,15000000,USD,c
1059,Endeca,500,web,Cambridge,MA,1-Jan-08,15000000,USD,d
1060,Endeca,500,web,Cambridge,MA,1-Nov-01,15000000,USD,b
1061,Endeca,500,web,Cambridge,MA,1-Jan-01,10000000,USD,a
1062,ChoiceStream,70,software,Cambridge,MA,1-Jan-00,15000000,USD,seed
1063,ChoiceStream,70,software,Cambridge,MA,22-Feb-05,7000000,USD,a
1064,ChoiceStream,70,software,Cambridge,MA,1-Jun-06,13100000,USD,b
1065,ChoiceStream,70,software,Cambridge,MA,4-Apr-07,26500000,USD,c
1066,YouCastr,5,web,Cambridge,MA,1-Feb-08,100000,USD,angel
1067,JackPot Rewards,,web,Newton,MA,1-Feb-08,16700000,USD,a
1068,Mzinga,,web,Burlington,MA,3-Mar-08,32500000,USD,d
1069,Dimdim,,web,Burlington,MA,1-Feb-07,2400000,USD,a
1070,Dimdim,,web,Burlington,MA,1-Jul-08,6000000,USD,b
1071,utoopia,2,web,Boston,MA,1-Mar-07,100000,USD,seed
1072,Retail Convergence,,web,Boston,MA,24-Apr-08,25000000,USD,a
1073,Frame Media,,web,Wellesley,MA,9-Nov-07,2000000,USD,a
1074,Frame Media,,web,Wellesley,MA,2-May-08,3000000,USD,unattributed
1075,Turbine,200,web,Westwood,MA,29-Apr-08,40000000,USD,c
1076,Turbine,200,web,Westwood,MA,9-May-05,30000000,USD,b
1077,Zeer,5,web,Boston,MA,1-Aug-07,1050000,USD,angel
1078,SimpleTuition,,web,Newton,MA,14-Apr-06,4400000,USD,a
1079,SimpleTuition,,web,Newton,MA,18-Dec-06,7500000,USD,b
1080,Sirtris Pharmaceuticals,,biotech,Cambridge,MA,1-Dec-04,13000000,USD,a
1081,Sirtris Pharmaceuticals,,biotech,Cambridge,MA,8-Mar-05,27000000,USD,b
1082,Sirtris Pharmaceuticals,,biotech,Cambridge,MA,19-Apr-06,37000000,USD,c
1083,Good Data,30,web,Cambridge,MA,23-Jul-08,2000000,USD,seed
1084,Navic Networks,,web,Waltham,MA,14-Feb-00,2000000,USD,a
1085,Navic Networks,,web,Waltham,MA,26-Feb-01,20000000,USD,c
1086,Navic Networks,,web,Waltham,MA,7-Jun-00,20000000,USD,b
1087,Pivot,40,software,Cambridge,MA,1-Dec-04,5000000,USD,a
1088,Pivot,40,software,Cambridge,MA,1-Apr-06,8000000,USD,b
1089,Optaros,200,consulting,Boston,MA,1-Jun-08,12000000,USD,c
1090,Optaros,200,consulting,Boston,MA,20-Nov-06,13000000,USD,b
1091,Optaros,200,consulting,Boston,MA,9-Mar-05,7000000,USD,a
1092,Astaro,,hardware,Burlington,MA,1-May-03,6200000,USD,a
1093,Astaro,,hardware,Burlington,MA,1-May-04,6700000,USD,b
1094,Pangea Media,25,web,Watertown,MA,1-Apr-07,1000000,USD,angel
1095,Posterous,,web,Boston,MA,1-May-08,15000,USD,seed
1096,Spire,,web,Boston,MA,8-Jul-08,9000000,USD,a
1097,neoSaej,,web,Burlington,MA,14-Jul-08,7000000,USD,unattributed
1098,GenArts,,software,Cambridge,MA,17-Jul-08,22400000,USD,unattributed
1099,OrderMotion,,web,Boston,MA,21-Jul-08,1400000,USD,unattributed
1100,HAM-IT,7,web,North Andover,MA,1-Oct-07,340000,USD,seed
1101,Freewebs,35,web,Silver Spring,MD,1-Aug-06,12000000,USD,a
1102,MPTrax,4,web,Baltimore,MD,1-Jan-07,350000,USD,angel
1103,JackBe,0,web,Chevy Chase,MD,1-Oct-07,9500000,USD,c
1104,ZeniMax,,web,Rockville,MD,1-Oct-07,300000000,USD,a
1105,ZeniMax,,web,Rockville,MD,30-May-08,9900000,USD,a
1106,Intelliworks,24,software,Rockville,MD,14-Feb-05,6000000,USD,a
1107,Intelliworks,24,software,Rockville,MD,10-Oct-06,10000000,USD,b
1108,Intelliworks,24,software,Rockville,MD,7-Apr-08,4000000,USD,c
1109,HEXIO,1,web,Kennebunk,ME,10-Jan-08,20000,USD,seed
1110,Foneshow,8,web,Portland,ME,1-Sep-07,1050000,USD,a
1111,Foneshow,8,web,Portland,ME,1-Sep-06,25000,USD,seed
1112,Zattoo,45,web,Ann Arbor,MI,1-Nov-07,10000000,USD,b
1113,LoudClick,9,web,Richfield,MN,31-Mar-08,600000,USD,angel
1114,Agilis Systems,,mobile,St. Louis,MO,16-May-08,5000000,USD,b
1115,International Liars Poker Association,24,other,St. Louis,MO,1-Nov-07,1250000,USD,seed
1116,ChannelAdvisor,300,web,Morrisville,NC,1-May-07,30000000,USD,c
1117,ChannelAdvisor,300,web,Morrisville,NC,22-Jan-04,7000000,USD,a
1118,ChannelAdvisor,300,web,Morrisville,NC,28-Apr-05,18000000,USD,b
1119,Yap,,mobile,Charlotte,NC,1-Mar-07,1500000,USD,angel
1120,Yap,,mobile,Charlotte,NC,10-Jun-08,6500000,USD,a
1121,PrepChamps,10,web,Durham,NC,22-Apr-08,1200000,USD,a
1122,SilkRoad technology,,,Winston-Salem,NC,19-Feb-08,10000000,USD,b
1123,SilkRoad technology,,,Winston-Salem,NC,15-May-08,54000000,USD,c
1124,BrightDoor Systems,26,web,Cary,NC,13-Apr-07,200000,USD,a
1125,DriftToIt,4,web,Raleigh,NC,1-Jun-07,300000,USD,angel
1126,rPath,45,other,Raleigh,NC,24-Jan-06,6400000,USD,a
1127,rPath,45,other,Raleigh,NC,24-Jan-07,9100000,USD,b
1128,rPath,45,other,Raleigh,NC,24-Jun-08,10000000,USD,c
1129,Ntractive,6,web,Grand Forks,ND,8-Jul-08,570000,USD,a
1130,Bill Me Later,,web,Omaha,NE,1-Mar-06,27400000,USD,a
1131,AdaptiveBlue,6,web,Livingston,NJ,15-Feb-07,1500000,USD,a
1132,Phanfare,,web,Metuchen,NJ,1-Nov-07,2500000,USD,c
1133,Phanfare,,web,Metuchen,NJ,1-Jul-06,2000000,USD,b
1134,EnterpriseDB,,software,Edison,NJ,7-Sep-05,7000000,USD,a
1135,EnterpriseDB,,software,Edison,NJ,1-Aug-06,20000000,USD,b
1136,EnterpriseDB,,software,Edison,NJ,25-Mar-08,10000000,USD,c
1137,Neocleus,,web,Jersey City,NJ,19-Jun-08,11000000,USD,b
1138,Datapipe,,web,Jersey City,NJ,8-Jul-08,75000000,USD,unattributed
1139,Switch2Health,,web,North Brunswick,NJ,16-Jul-08,200000,USD,unattributed
1140,Voltaix,,hardware,N. Branch,NJ,29-Jul-08,12500000,USD,unattributed
1141,SpaBoom,9,web,Albuquerque,NM,15-Jul-06,700000,USD,a
1142,SpaBoom,9,web,Albuquerque,NM,15-Sep-07,600000,USD,b
1143,Novint,,other,Albuquerque,NM,17-Jun-08,5200000,USD,unattributed
1144,MeetMoi,7,web,New York City,NY,1-Jun-07,1500000,USD,a
1145,Meetup,1,mobile,New York,NY,1-Dec-02,2800000,USD,a
1146,Meetup,1,mobile,New York,NY,1-Nov-03,5300000,USD,b
1147,Meetup,1,mobile,New York,NY,23-Jul-08,7500000,USD,d
1148,Mogulus,20,web,New York,NY,1-May-07,1200000,USD,angel
1149,Mogulus,20,web,New York,NY,1-Jan-08,1500000,USD,angel
1150,Mogulus,20,web,New York,NY,1-Jul-08,10000000,USD,a
1151,Pando,23,software,New York,NY,1-Jan-07,11000000,USD,b
1152,Pando,23,software,New York,NY,1-Mar-08,20900000,USD,c
1153,Outside.in,17,web,Brooklyn,NY,1-Feb-07,900000,USD,angel
1154,Outside.in,17,web,Brooklyn,NY,1-Oct-07,1500000,USD,angel
1155,Outside.in,17,web,Brooklyn,NY,19-May-08,3000000,USD,a
1156,SelectMinds,55,web,New York,NY,1-Aug-07,5500000,USD,a
1157,Veotag,,web,New York,NY,1-May-07,750000,USD,angel
1158,KIT digital,100,web,New York,NY,8-May-08,15000000,USD,b
1159,KIT digital,100,web,New York,NY,18-Apr-08,5000000,USD,a
1160,ContextWeb,,web,New York,NY,1-Jun-04,3000000,USD,a
1161,ContextWeb,,web,New York,NY,1-Jun-05,9000000,USD,b
1162,ContextWeb,,web,New York,NY,20-Jul-08,26000000,USD,d
1163,Datran Media,,web,New York,NY,1-Mar-05,60000000,USD,a
1164,Eyeblaster,,web,New York,NY,1-Dec-03,8000000,USD,a
1165,Eyeblaster,,web,New York,NY,21-Mar-07,30000000,USD,b
1166,Covestor,,web,New York,NY,1-Jun-07,1000000,USD,angel
1167,Covestor,,web,New York,NY,7-Apr-08,6500000,USD,a
1168,Global Grind,20,web,New York,NY,1-Aug-07,4500000,USD,b
1169,Heavy.com,,web,New York,NY,1-Mar-01,3000000,USD,a
1170,SpiralFrog,15,web,New York,NY,1-Dec-07,2000000,USD,debt_round
1171,Broadband Enterprises,,web,New York,NY,1-Jan-08,10000000,USD,a
1172,Thumbplay,,mobile,New York,NY,13-Mar-08,18000000,USD,e
1173,Waterfront Media,,web,"Brooklyn, New York",NY,1-Sep-07,25000000,USD,d
1174,Waterfront Media,,web,"Brooklyn, New York",NY,1-Mar-04,4000000,USD,a
1175,Waterfront Media,,web,"Brooklyn, New York",NY,1-Mar-06,6000000,USD,b
1176,Waterfront Media,,web,"Brooklyn, New York",NY,1-Apr-07,8000000,USD,c
1177,Tutor,55,web,New Yorl,NY,1-May-07,13500000,USD,b
1178,Daylife,,web,New York,NY,1-Jun-07,8300000,USD,b
1179,Teach The People,1,web,Astoria,NY,1-Jan-07,300000,USD,angel
1180,OrganizedWisdom,18,web,New York,NY,1-Jun-08,2300000,USD,a
1181,Snooth,,web,New  York,NY,1-Dec-06,300000,USD,angel
1182,Snooth,,web,New  York,NY,1-Nov-07,1000000,USD,a
1183,5min,8,web,New York,NY,1-Apr-07,300000,USD,angel
1184,5min,8,web,New York,NY,1-Nov-07,5000000,USD,a
1185,Kaltura,20,web,Brooklyn,NY,1-May-07,2100000,USD,a
1186,Mimeo,,web,New York,NY,1-Sep-07,25000000,USD,a
1187,RayV,,web,New York,NY,1-Oct-07,8000000,USD,b
1188,Tumblr,,web,New York,NY,31-Oct-07,750000,USD,a
1189,Payoneer,50,web,New York,NY,24-Jul-08,8000000,USD,b
1190,eXelate,,web,New York,NY,1-Oct-07,4000000,USD,a
1191,Quigo,,web,New York,NY,1-Mar-04,5000000,USD,a
1192,Peer39,50,web,New York,NY,1-Feb-07,3000000,USD,a
1193,Peer39,50,web,New York,NY,1-Sep-07,8200000,USD,b
1194,Peer39,50,web,New York,NY,1-Mar-06,500000,USD,seed
1195,Rebel Monkey,15,web,New York,NY,5-Feb-08,1000000,USD,a
1196,Answers Corporation,,web,New York,NY,1-Jan-99,300000,USD,a
1197,Answers Corporation,,web,New York,NY,1-Apr-99,1360000,USD,b
1198,Answers Corporation,,web,New York,NY,1-Sep-99,2750000,USD,c
1199,Answers Corporation,,web,New York,NY,1-May-00,28000000,USD,d
1200,Answers Corporation,,web,New York,NY,17-Jun-08,13000000,USD,debt_round
1201,SeeToo,,web,New York,NY,1-Oct-07,1000000,USD,angel
1202,drop.io,,web,Brooklyn,NY,1-Nov-07,1250000,USD,a
1203,drop.io,,web,Brooklyn,NY,10-Mar-08,2700000,USD,b
1204,Motionbox,,web,New York,NY,1-Sep-06,4200000,USD,a
1205,Motionbox,,web,New York,NY,1-Dec-07,7000000,USD,b
1206,DGP Labs,,web,New York,NY,1-Nov-07,4750000,USD,a
1207,Ideeli,,web,New York,NY,1-Dec-07,3800000,USD,a
1208,Live Gamer,,web,New York,NY,1-Dec-07,24000000,USD,a
1209,WeShow,0,web,New York,NY,1-Jun-07,5000000,USD,a
1210,Etsy,45,web,Brooklyn,NY,1-Jun-06,315000,USD,angel
1211,Etsy,45,web,Brooklyn,NY,1-Nov-06,1000000,USD,a
1212,Etsy,45,web,Brooklyn,NY,1-Jul-07,3250000,USD,b
1213,Etsy,45,web,Brooklyn,NY,1-Jan-08,27000000,USD,c
1214,PhoneTag,10,web,New York,NY,1-Feb-07,3500000,USD,angel
1215,PhoneTag,10,web,New York,NY,1-Jan-04,200000,USD,seed
1216,PhoneTag,10,web,New York,NY,1-Dec-07,2000000,USD,angel
1217,Tremor Media,,web,New York,NY,1-Sep-06,8400000,USD,a
1218,Tremor Media,,web,New York,NY,1-Jan-08,11000000,USD,b
1219,YooNew,,web,New York,NY,1-Aug-05,2000000,USD,angel
1220,Fifth Generation Systems,,web,Roslyn Heights,NY,1-Jan-08,5300000,USD,b
1221,Fifth Generation Systems,,web,Roslyn Heights,NY,1-Nov-06,5250000,USD,a
1222,IGA Worldwide,,web,New York,NY,1-Feb-06,12000000,USD,a
1223,IGA Worldwide,,web,New York,NY,1-Jul-07,25000000,USD,b
1224,IGA Worldwide,,web,New York,NY,1-Jan-08,5000000,USD,b
1225,TheLadders,200,web,New York,NY,8-Nov-04,7250000,USD,a
1226,Adotube,30,web,New York,NY,31-Jul-07,630000,USD,seed
1227,Adotube,30,web,New York,NY,1-Apr-08,600000,USD,seed
1228,Kluster,,web,New York,NY,1-Jan-08,1000000,USD,seed
1229,Blog Talk Radio,,web,New York,NY,25-Jun-08,4600000,USD,a
1230,Pingg,7,web,New York,NY,1-Jan-07,500000,USD,seed
1231,Pingg,7,web,New York,NY,1-Mar-07,800000,USD,angel
1232,Outbrain,,web,New York City,NY,1-Jan-07,1000000,USD,seed
1233,Outbrain,,web,New York City,NY,25-Feb-08,5000000,USD,a
1234,Mochila,52,web,New York,NY,2-Jan-07,8000000,USD,b
1235,OLX,85,web,New York City,NY,1-Sep-07,10000000,USD,a
1236,OLX,85,web,New York City,NY,11-Apr-08,13500000,USD,b
1237,Boonty,150,web,New York,NY,7-Jul-05,10000000,USD,b
1238,Tripology,,web,New York,NY,1-Jan-07,1250000,USD,a
1239,The Feedroom,,web,New York,NY,9-Jul-08,12000000,USD,unattributed
1240,Next New Networks,15,web,New York,NY,1-Jan-07,8000000,USD,a
1241,Next New Networks,15,web,New York,NY,12-Mar-08,15000000,USD,b
1242,RiverWired,,web,New York,NY,1-Mar-08,1500000,USD,seed
1243,Fynanz,10,web,New York,NY,1-Oct-07,500000,USD,angel
1244,Digital Railroad,,web,New York,NY,14-Jun-05,5200000,USD,a
1245,Digital Railroad,,web,New York,NY,5-Feb-07,10000000,USD,b
1246,Silicon Alley Insider,,,New York,NY,16-Jul-08,900000,USD,seed
1247,Undertone Networks,,web,New York,NY,31-Mar-08,40000000,USD,a
1248,Someecards,,web,New York,NY,1-Apr-08,350000,USD,seed
1249,Trunkt,2,web,New York,NY,15-May-07,350000,USD,seed
1250,Cutcaster,6,web,New York City,NY,1-Jan-08,150000,USD,seed
1251,Visible World,,software,New York,NY,14-Apr-08,25000000,USD,c
1252,Visible World,,software,New York,NY,17-Nov-03,8000000,USD,b
1253,Mad Mimi,3,web,,NY,29-Apr-07,200000,USD,angel
1254,Social Median,,web,New York,NY,7-Mar-08,500000,USD,seed
1255,Scanbuy,,software,New York,NY,12-Dec-06,9000000,USD,b
1256,Scanbuy,,software,New York,NY,1-Nov-07,6800000,USD,b
1257,Pontiflex,,web,Brooklyn,NY,30-Apr-08,2500000,USD,a
1258,CHIC.TV,12,web,New York,NY,1-Jan-06,500000,USD,angel
1259,ExpertFlyer,3,web,Patchogue,NY,1-Mar-04,30000,USD,seed
1260,x+1,,web,New York,NY,1-Jun-08,16000000,USD,a
1261,Media6,,web,New York,NY,1-May-08,2000000,USD,debt_round
1262,Knewton,,web,New York,NY,21-May-08,2500000,USD,a
1263,Sense Networks,,mobile,New York City,NY,1-Apr-08,3000000,USD,a
1264,TargetSpot,20,web,New York,NY,11-Mar-08,8600000,USD,b
1265,BountyJobs,31,web,New York,NY,7-Jul-08,12000000,USD,b
1266,vbs tv,40,other,Brooklyn,NY,1-Dec-06,10000000,USD,seed
1267,Instinctiv,,mobile,Ithaca,NY,1-Jun-08,750000,USD,seed
1268,VISUALPLANT,6,web,New York,NY,1-Mar-07,500000,USD,seed
1269,XunLight,,hardware,Toledo,OH,7-May-08,22000000,USD,b
1270,Strands,150,web,Corvallis,OR,1-Mar-06,6000000,USD,a
1271,Strands,150,web,Corvallis,OR,18-Jun-07,25000000,USD,b
1272,Strands,150,web,Corvallis,OR,1-Dec-07,24000000,USD,b
1273,Jive Software,,web,Portland,OR,1-Aug-07,15000000,USD,a
1274,Platial,,web,Portland,OR,1-Oct-05,800000,USD,angel
1275,Platial,,web,Portland,OR,1-Feb-07,2600000,USD,a
1276,GarageGames,,web,Eugene,OR,1-Sep-07,50000000,USD,a
1277,iovation,50,web,Portland,OR,27-Mar-08,15000000,USD,a
1278,InGrid,,web,Berwyn,PA,1-Jul-07,13500000,USD,c
1279,InGrid,,web,Berwyn,PA,1-Sep-04,6600000,USD,a
1280,InGrid,,web,Berwyn,PA,1-Jun-06,8100000,USD,b
1281,InGrid,,web,Berwyn,PA,1-Jun-06,1500000,USD,debt_round
1282,Sleep.FM,4,web,Philadelphia,PA,30-Mar-08,15000,USD,seed
1283,Boomi,0,web,Berwyn,PA,1-Jul-08,4000000,USD,a
1284,Styky,3,web,Philadelphia,PA,1-Jan-07,100000,USD,seed
1285,TotalTakeout,25,web,Allentown,PA,1-Oct-07,150000,USD,seed
1286,RedLasso,,web,King of Prussia,PA,1-Nov-07,6500000,CAD,a
1287,QponDirect,10,web,Pittsburgh,PA,1-Mar-08,300000,USD,angel
1288,EnergyWeb Solutions,3,web,Allentown,PA,15-Jun-06,100000,USD,seed
1289,Aria Systems,,software,Media,PA,7-Nov-07,4000000,USD,a
1290,Vivsimo,,software,Pittsburgh,PA,17-Mar-08,4000000,USD,a
1291,Vivsimo,,software,Pittsburgh,PA,12-Jul-03,960000,USD,seed
1292,Vivsimo,,software,Pittsburgh,PA,4-Jul-02,500000,USD,seed
1293,Vivsimo,,software,Pittsburgh,PA,1-Jun-00,100000,USD,seed
1294,Vivsimo,,software,Pittsburgh,PA,29-Jan-01,100000,USD,seed
1295,ShowClix,,web,Oakmont,PA,1-Oct-07,150000,USD,seed
1296,ShowClix,,web,Oakmont,PA,1-Jun-08,250000,USD,seed
1297,BioWizard,8,web,Wayne,PA,3-Jan-08,1000000,USD,a
1298,TicketLeap,4,web,Philadelphia,PA,22-Jul-08,2000000,USD,a
1299,Tizra,,web,Providence,RI,1-May-07,500000,USD,seed
1300,Quickoffice,,software,Plano,TN,5-Feb-07,7000000,USD,b
1301,Quickoffice,,software,Plano,TN,1-Jan-06,11500000,USD,a
1302,Quickoffice,,software,Plano,TN,23-May-08,3000000,USD,c
1303,Thoof,,web,Austin,TX,1-Jun-07,1000000,USD,seed
1304,Bazaarvoice,,web,Austin,TX,1-May-06,4000000,USD,a
1305,Bazaarvoice,,web,Austin,TX,1-Sep-07,8800000,USD,b
1306,Bazaarvoice,,web,Austin,TX,18-Jun-08,7100000,USD,c
1307,Small World Labs,25,web,Austin,TX,19-Mar-08,1000000,USD,a
1308,Pluck,,web,Austin,TX,6-Oct-04,8500000,USD,b
1309,Pluck,,web,Austin,TX,14-Nov-06,7000000,USD,c
1310,Spiceworks,,web,Austin,TX,1-Aug-07,8000000,USD,b
1311,SpendView,3,web,Houston,TX,1-Jan-08,2000000,USD,a
1312,Shangby,,web,Austin,TX,1-Jun-07,1000000,USD,a
1313,On Networks,20,web,Austin,TX,1-Nov-06,4000000,USD,a
1314,On Networks,20,web,Austin,TX,1-Nov-07,12000000,USD,b
1315,CareFlash,0,web,Houston,TX,1-Aug-07,600000,USD,seed
1316,HelioVolt,,web,Austin,TX,1-Aug-07,77000000,USD,b
1317,Challenge Games,,web,Austin,TX,10-Jul-08,4500000,USD,a
1318,Woot,100,web,Carrollton,TX,1-Jan-08,4000000,USD,a
1319,Mumboe,17,software,Austin,TX,1-Oct-06,4500000,USD,seed
1320,BreakingPoint Systems,54,hardware,Austin,TX,12-Nov-07,15000000,USD,c
1321,FameCast,,web,Austin,TX,1-Jun-07,4500000,USD,a
1322,Click Forensics,,web,Austin,TX,1-Jan-07,5000000,USD,a
1323,Click Forensics,,web,Austin,TX,1-Mar-08,10000000,USD,b
1324,GodTube,,web,Plano,TX,4-May-08,30000000,USD,b
1325,iBiz Software,50,software,Dallas,TX,20-May-08,250000,USD,angel
1326,Cosential,10,web,Austin,TX,1-Jun-02,250000,USD,b
1327,JAD Tech Consulting,6,consulting,Richardson,TX,23-Sep-93,125000,USD,seed
1328,Mozy,26,web,American Fork,UT,1-May-05,1900000,USD,a
1330,Ancestry.com,,web,Provo,UT,1-Sep-99,33200000,USD,b
1331,Move Networks,,web,American Fork,UT,1-Dec-06,11300000,USD,a
1332,Move Networks,,web,American Fork,UT,1-Oct-07,34000000,USD,b
1333,Move Networks,,web,American Fork,UT,14-Apr-08,46000000,USD,c
1334,World Vital Records,,web,Provo,UT,1-Sep-07,1200000,USD,a
1335,Bungee Labs,38,web,Orem,UT,14-Mar-08,8000000,USD,c
1336,Footnote,31,web,Lindon,UT,1-Jan-08,8000000,USD,a
1337,mediaFORGE,,web,Salt Lake City,UT,1-Jul-06,1500000,USD,a
1338,TeamStreamz,5,web,Lehi,UT,10-Jan-07,80000,USD,seed
1339,Exinda,,software,Sandy,UT,22-May-04,6000000,USD,a
1340,Clearspring,,web,McLean,VA,1-May-06,2500000,USD,a
1341,Clearspring,,web,McLean,VA,1-Feb-07,5500000,USD,b
1342,Clearspring,,web,McLean,VA,20-May-08,18000000,USD,c
1343,Clearspring,,web,McLean,VA,27-Jul-07,10000000,USD,b
1344,Avail Media,,web,Reston,VA,1-May-07,17000000,USD,b
1345,Avail Media,,web,Reston,VA,1-Nov-07,25000000,USD,c
1346,FortiusOne,,web,Arlington,VA,1-May-07,5450000,USD,b
1347,Mixx,,web,,VA,1-Sep-07,1500000,USD,a
1348,Mixx,,web,,VA,1-Feb-08,2000000,USD,b
1349,Jobfox,,web,McLean,VA,1-Jan-08,20000000,USD,c
1350,Jobfox,,web,McLean,VA,1-May-06,13000000,USD,b
1351,Jobfox,,web,McLean,VA,1-Apr-05,7000000,USD,a
1352,HealthCentral,,web,Arlington,VA,1-Jan-08,50000000,USD,a
1353,comScore,,web,Reston,VA,6-Jun-02,20000000,USD,d
1354,comScore,,web,Reston,VA,13-Aug-01,15000000,USD,c
1355,VisualCV,20,web,Reston,VA,28-Jan-08,2000000,USD,a
1356,Paxfire,,,Sterling,VA,22-May-05,2100000,USD,a
1357,ShoutWire,9,web,,VA,1-Jan-07,500000,USD,a
1358,Parature,100,software,Vienna,VA,5-Jul-06,13500000,USD,a
1359,Parature,100,software,Vienna,VA,7-May-08,16000000,USD,b
1360,Loladex,2,web,Leesburg,VA,1-Nov-07,350000,USD,seed
1361,Appian,120,software,Vienna,VA,21-Jul-08,10000000,USD,a
1362,Fortisphere,50,software,Chantilly,VA,19-Nov-07,10000000,USD,a
1363,Wetpaint,35,web,Seattle,WA,1-Oct-05,5250000,USD,a
1364,Wetpaint,35,web,Seattle,WA,1-Jan-07,9500000,USD,b
1365,Wetpaint,35,web,Seattle,WA,1-May-05,25000000,USD,c
1366,Jobster,,web,Seattle,WA,1-Aug-05,19500000,USD,b
1367,Jobster,,web,Seattle,WA,1-Jul-06,18000000,USD,c
1368,Jobster,,web,Seattle,WA,1-Jan-05,8000000,USD,a
1369,Jobster,,web,Seattle,WA,25-Apr-08,7000000,USD,d
1370,Yapta,,web,Seattle,WA,1-Jul-07,2300000,USD,a
1371,Yapta,,web,Seattle,WA,1-Jul-07,700000,USD,seed
1372,Farecast,26,web,Seattle,WA,1-Oct-04,1500000,USD,a
1373,Farecast,26,web,Seattle,WA,1-Jul-05,7000000,USD,b
1374,Farecast,26,web,Seattle,WA,1-Jan-07,12100000,USD,c
1375,Haute Secure,,web,Seattle,WA,1-Jan-07,500000,USD,a
1376,Newsvine,6,web,Seattle,WA,1-Jul-05,1250000,USD,a
1377,iLike,28,web,Seattle,WA,1-Jan-06,2500000,USD,a
1378,iLike,28,web,Seattle,WA,1-Jan-06,13300000,USD,b
1379,Redfin,100,web,Seattle,WA,1-Jul-07,12000000,USD,c
1380,Redfin,100,web,Seattle,WA,1-May-06,8000000,USD,b
1381,Redfin,100,web,Seattle,WA,1-Sep-05,770000,USD,a
1382,Action Engine,,web,Bellevue,WA,1-May-00,7700000,USD,a
1383,Action Engine,,web,Bellevue,WA,1-May-02,5000000,USD,b
1384,Action Engine,,web,Bellevue,WA,1-Jan-05,10000000,USD,d
1385,Action Engine,,web,Bellevue,WA,1-Mar-03,15500000,USD,c
1386,Action Engine,,web,Bellevue,WA,1-Jul-07,20000000,USD,e
1387,Wishpot,,web,Seattle,WA,29-Apr-08,1000000,USD,a
1388,PayScale,,web,Seattle,WA,1-Oct-04,3200000,USD,a
1389,PayScale,,web,Seattle,WA,1-Oct-05,7000000,USD,b
1390,PayScale,,web,Seattle,WA,1-Jul-07,10300000,USD,c
1391,BuddyTV,,web,Seattle,WA,1-Jul-07,2800000,USD,a
1392,BuddyTV,,web,Seattle,WA,1-May-07,250000,USD,angel
1393,BuddyTV,,web,Seattle,WA,14-Apr-08,6000000,USD,b
1394,Judys Book,,web,Seattle,WA,1-Jul-04,2500000,USD,a
1395,Judys Book,,web,Seattle,WA,1-Nov-05,8000000,USD,b
1396,Sampa,4,web,Redmond,WA,1-Aug-07,310000,USD,angel
1397,Sampa,4,web,Redmond,WA,2-Apr-08,1000000,USD,angel
1398,Zango,225,web,Bellevue,WA,1-Mar-04,40000000,USD,a
1399,Cdigix,,web,Seattle,WA,1-Nov-05,4000000,USD,a
1400,Ripl,,web,Seattle,WA,1-Aug-07,4500000,USD,b
1401,EyeJot,5,web,Seattle,WA,1-May-07,750000,USD,seed
1402,EyeJot,5,web,Seattle,WA,1-Jan-07,400000,USD,angel
1403,FlowPlay,6,web,Seattle,WA,1-May-07,500000,USD,angel
1404,FlowPlay,6,web,Seattle,WA,6-Feb-08,3700000,USD,a
1405,SmartSheet,,web,Bellevue,WA,1-Jun-07,2690000,USD,a
1406,Visible Technologies,60,web,Seattle,WA,1-Aug-06,3500000,USD,a
1407,Visible Technologies,60,web,Seattle,WA,1-Sep-07,12000000,USD,b
1408,Zillow,155,web,Seattle,WA,1-Oct-05,32000000,USD,a
1409,Zillow,155,web,Seattle,WA,1-Jul-06,25000000,USD,b
1410,Zillow,155,web,Seattle,WA,1-Sep-07,30000000,USD,c
1411,SEOMoz,,web,Seattle,WA,1-Sep-07,1250000,USD,a
1412,DocuSign,,web,Seattle,WA,1-Apr-06,10000000,USD,b
1413,DocuSign,,web,Seattle,WA,1-Sep-07,12400000,USD,c
1414,AdReady,33,web,Seattle,WA,1-Dec-07,10000000,USD,b
1415,Treemo,,web,Seattle,WA,1-Oct-07,2550000,USD,a
1416,GridNetworks,,web,Seattle,WA,1-Oct-07,9500000,USD,a
1417,Pelago,,web,Seattle,WA,1-Nov-06,7400000,USD,a
1418,Pelago,,web,Seattle,WA,27-May-08,15000000,USD,b
1419,Blist,,web,Seattle,WA,20-Feb-08,6500000,USD,a
1420,RealSelf,,web,Seattle,WA,1-Oct-07,1000000,USD,angel
1421,RescueTime,,web,Seattle,WA,14-Oct-07,20000,USD,seed
1422,Zoji,,web,Seattle,WA,1-Oct-07,1500000,USD,angel
1423,Snapvine,20,web,Seattle,WA,1-Jul-06,2000000,USD,a
1424,Snapvine,20,web,Seattle,WA,1-Sep-07,10000000,USD,b
1425,Jott,,web,Seattle,WA,1-May-07,5400000,USD,b
1426,Earth Class Mail,,web,Seattle,WA,1-Sep-07,7400000,USD,a
1427,Earth Class Mail,,web,Seattle,WA,1-Jan-08,5900000,USD,a
1428,Smilebox,,web,Redmond,WA,1-Feb-06,5000000,USD,a
1429,Smilebox,,web,Redmond,WA,1-Dec-07,7000000,USD,b
1430,Fyreball,,web,Bellevue,WA,1-Dec-07,1000000,USD,angel
1431,Delve Networks,,web,Seattle,WA,1-Dec-06,1650000,USD,seed
1432,Delve Networks,,web,Seattle,WA,1-Aug-07,8000000,USD,a
1433,LiveMocha,,web,Bellevue,WA,1-Jan-08,6000000,USD,a
1434,Mercent Corporation,50,web,Seattle,WA,1-Jan-08,6500000,USD,b
1435,CleverSet,,web,Seattle,WA,1-Aug-06,1400000,USD,angel
1436,CleverSet,,web,Seattle,WA,1-Sep-05,1200000,USD,a
1437,CleverSet,,web,Seattle,WA,1-Dec-07,500000,USD,angel
1438,LiquidPlanner,11,web,Bellevue,WA,1-Jan-08,1200000,USD,angel
1439,Limeade,10,web,Bellevue,WA,1-Jan-07,1000000,USD,angel
1440,Yodio,4,web,Bellevue,WA,1-Feb-08,850000,USD,a
1441,Tastemakers,11,web,Seattle,WA,1-Feb-07,1000000,USD,a
1442,WhitePages.com,125,web,Seattle,WA,1-Aug-05,45000000,USD,a
1443,RevenueScience,,web,Seattle,WA,19-Dec-05,24000000,USD,e
1444,GotVoice,15,mobile,Kirkland,WA,25-Oct-06,3000000,USD,a
1445,CarDomain Network,50,web,Seattle,WA,29-Jun-07,3000000,USD,a
1446,mpire,,web,Seattle,WA,1-Feb-07,9800000,USD,a
1447,mpire,,web,Seattle,WA,11-Jun-08,10000000,USD,b
1448,TeachStreet,8,web,Seattle,WA,1-Mar-08,2250000,USD,a
1449,Estately,,web,,WA,24-Apr-08,450000,USD,angel
1450,Infinia,,cleantech,Kennewick,WA,22-Apr-08,57000000,USD,b
1451,Infinia,,cleantech,Kennewick,WA,1-Jun-07,9500000,USD,a
1452,M:Metrics,,web,Seattle,WA,16-Oct-05,7000000,USD,b
1453,Cozi,26,software,Seattle,WA,11-Jul-07,3000000,USD,a
1454,Cozi,26,software,Seattle,WA,1-Jun-08,8000000,USD,c
1455,Trusera,15,web,Seattle,WA,1-Jun-07,2000000,USD,angel
1456,Alerts.com,,web,Bellevue,WA,8-Jul-08,1200000,USD,a
1457,Myrio,75,software,Bothell,WA,1-Jan-01,20500000,USD,unattributed
1458,Grid Networks,,web,Seattle,WA,30-Oct-07,9500000,USD,a
1459,Grid Networks,,web,Seattle,WA,20-May-08,10500000,USD,b
